feature	permutation_importance_mean	permutation_importance_std
RAW_1_stats_cv_whole_mul_RAW_1_stats_std_whole	0.25402404753402225	0.011847658917108164
RAW_10_percentage_of_reoccurring_values_to_all_values_contribution_left_sub_RAW_8_sample_entropy_left	0.012017282286436053	0.010804008809742062
RAW_10_percentage_of_reoccurring_datapoints_to_all_datapoints_contribution_left_sub_RAW_8_sample_entropy_left	0.009464857049189085	0.007435730047039379
RAW_1_stats_cv_whole_sqmul_RAW_1_stats_std_whole	0.005228344135523649	0.0034749527165146288
RAW_2_bartlett_pvalue_sqmul_RAW_10_fft_coefficient_attr_imag_coeff_1_ratio_to_whole_left	0.005139236569839991	0.0018390106561429823
RAW_8_sample_entropy_left_add_RAW_2_bartlett_pvalue	0.004605265482589528	0.0015117090479740746
RAW_1_stats_std_whole_sqmul_RAW_1_stats_cv_whole	0.002983460182306604	0.002685553416073378
RAW_10_percentage_of_reoccurring_datapoints_to_all_datapoints_contribution_left_div_RAW_10_percentage_of_reoccurring_values_to_all_values_ratio_to_whole_left	0.002651318947713094	0.003973124019949806
RAW_1_stats_cv_whole_div_RAW_10_percentage_of_reoccurring_datapoints_to_all_datapoints_contribution_left	0.002547924108968255	0.0015072888492498671
RAW_10_percentage_of_reoccurring_values_to_all_values_contribution_left_div_RAW_10_percentage_of_reoccurring_values_to_all_values_ratio_to_whole_left	0.00250281593278564	0.001880953194340335
RAW_2_ks_stat	0.0020456100778455935	0.0012975200437349333
RAW_1_stats_std_whole_div_RAW_1_stats_cv_whole	0.0020303190655453296	0.0009284264427383629
RAW_10_quantile_0_6_ratio_to_whole_left	0.0018652595900833409	0.0009573074653564537
RAW_8_sample_entropy_left_sqmul_RAW_10_percentage_of_reoccurring_values_to_all_values_ratio_to_whole_left	0.0017658496872504416	0.0012742364512824515
RAW_10_percentage_of_reoccurring_datapoints_to_all_datapoints_contribution_left_add_RAW_1_stats_std_whole	0.001713618642384812	0.0008196317123915773
RAW_1_stats_median_ratio	0.0017134451207890301	0.0005694891452321801
RAW_10_agg_linear_trend_attr_rvalue_chunk_len_50_f_agg_max_ratio_to_whole_left	0.0016952281637088971	0.0008374504394713635
RAW_10_percentage_of_reoccurring_datapoints_to_all_datapoints_contribution_left_add_RAW_10_quantile_0_4_whole	0.0016537253586941393	0.0006709832112379221
RAW_10_fft_coefficient_attr_imag_coeff_1_whole	0.001568898668431842	0.0007250116872057027
RAW_10_ratio_value_number_to_time_series_length_whole	0.0015423218559902484	0.00028951120079485286
RAW_10_ratio_value_number_to_time_series_length_ratio_to_whole_left	0.0014764801169951226	0.001542923727946096
RAW_2_ad_stat	0.001399474454979275	0.0010063278724908612
RAW_10_linear_trend_attr_intercept_ratio	0.001195598991198673	0.0005181799785876505
RAW_2_ad_pvalue	0.0011348323272196304	0.001089939992566493
RAW_10_percentage_of_reoccurring_datapoints_to_all_datapoints_contribution_left_sub_RAW_2_bartlett_pvalue	0.0011125764226678216	0.0014875969329152076
RAW_8_sample_entropy_left_div_RAW_1_stats_cv_whole	0.001034030816985936	0.0007191482371895433
RAW_10_quantile_0_4_contribution_left	0.0009826368652643268	0.0002818551138329107
RAW_1_stats_kurt_whole	0.0009802738124398025	0.00044453243798802235
RAW_10_quantile_0_4_whole_div_RAW_1_stats_std_whole	0.0009403960876948336	0.00032298885682338163
RAW_1_stats_std_whole_add_RAW_8_sample_entropy_left	0.0008818788640213293	0.0005032474975062559
RAW_3_cumsum_max_ratio_to_whole_left	0.0008545138888486935	0.0001797978476903895
RAW_4_autocorr_lag1_diff	0.0008369735118025579	0.000679453621833617
RAW_10_percentage_of_reoccurring_values_to_all_values_contribution_left_sub_RAW_2_bartlett_pvalue	0.0008248424900875184	0.0012916808714527907
RAW_2_ks_pvalue	0.0007944534467977105	0.0014447204029617714
RAW_1_stats_std_whole_sub_RAW_2_bartlett_pvalue	0.0007440671506882713	0.0007649153443466534
RAW_10_agg_linear_trend_attr_rvalue_chunk_len_5_f_agg_max_diff	0.000740573753125724	0.0003995027125265617
RAW_10_agg_linear_trend_attr_rvalue_chunk_len_50_f_agg_mean_diff	0.0007314071176002968	0.0002718097668028164
RAW_10_quantile_0_4_whole_sqmul_RAW_8_sample_entropy_left	0.0006972586002411485	6.960278200699466e-05
RAW_4_autocorr_lag1_ratio	0.0006894108700480594	0.00029169840509105663
RAW_1_stats_std_whole_div_RAW_10_quantile_0_4_whole	0.0006893756750277735	0.0005109400382456394
RAW_6_iqr_whole	0.0006779768471646385	0.00028668450657474005
RAW_2_adf_icbest_left	0.0006670329925629037	0.0005337504892914672
RAW_10_quantile_0_4_whole_div_RAW_1_stats_cv_whole	0.0006432914625525554	0.00047572300532544776
RAW_1_stats_cv_whole_div_RAW_8_sample_entropy_left	0.0006387855483696225	0.00048649419900521847
RAW_10_change_quantiles_f_agg_var_isabs_True_qh_1_0_ql_0_4_contribution_left	0.0006047641582839226	0.00038785769667087563
MCS_10_fft_coefficient_attr_imag_coeff_3_ratio	0.000591134816723966	0.00030701599057522943
RAW_12_rpt_cost_cosine_whole	0.0005863924643715334	0.0003111658515843535
RAW_10_percentage_of_reoccurring_datapoints_to_all_datapoints_contribution_left_div_RAW_8_sample_entropy_left	0.0005745724035715783	0.0008209163807477439
RAW_1_stats_kurt_left	0.0005450957305331049	0.0005116004345683215
RAW_4_autocorr_lag1_whole	0.0005358500129486688	0.00028159665011499174
RAW_10_percentage_of_reoccurring_datapoints_to_all_datapoints_contribution_left_div_RAW_10_percentage_of_reoccurring_values_to_all_values_contribution_left	0.000532558376606107	0.0003396670198040908
RAW_8_katz_fd_whole	0.0004821763922608191	0.00048269748940706276
RAW_10_agg_linear_trend_attr_rvalue_chunk_len_50_f_agg_max_ratio	0.0004700430145871914	0.00023406278561500073
RAW_1_stats_cv_whole_sqmul_RAW_10_percentage_of_reoccurring_datapoints_to_all_datapoints_contribution_left	0.0004370367134123443	0.0003944266385244469
RAW_10_quantile_0_4_whole_sqmul_RAW_1_stats_cv_whole	0.00043173249933759926	0.0002446286236062427
RAW_2_ttest_pvalue	0.0004291535067132324	0.00012151539641376823
RAW_10_linear_trend_attr_rvalue_ratio	0.00042778106146262873	0.00027329167917709206
RAW_1_stats_std_whole_sqmul_RAW_8_sample_entropy_left	0.00042356513386262556	0.0004028319733178965
RAW_10_ratio_beyond_r_sigma_1_5_diff	0.00042117859291135985	0.0004969934469196063
MCS_10_quantile_0_4_whole	0.0004101329745146131	0.000543003069867853
RAW_10_percentage_of_reoccurring_values_to_all_values_diff	0.00041011876833288213	0.00047537182397012204
RAW_10_change_quantiles_f_agg_var_isabs_False_qh_0_6_ql_0_4_ratio_to_whole_right	0.0004066611609789161	0.00019352659762997607
RAW_8_perm_entropy_whole	0.0003897486785310345	0.0003518447831597133
RAW_8_sample_entropy_left_sub_RAW_2_bartlett_pvalue	0.00038687864198855054	0.0004724203337929826
RAW_2_bartlett_pvalue_sqmul_RAW_10_quantile_0_4_whole	0.00037687882127055425	0.00043668455126440024
RAW_11_param_5_diff	0.0003755095890902671	0.00011618007085351274
MCS_6_iqr_diff	0.0003680453001989236	0.0004731913382466456
RAW_10_fft_coefficient_attr_imag_coeff_2_ratio_to_whole_left	0.0003569480824923166	0.00017914180509091083
RAW_10_change_quantiles_f_agg_var_isabs_True_qh_0_8_ql_0_4_contribution_left	0.0003537152097065821	0.0003661979376644047
RAW_8_svd_entropy_ratio_to_whole_left	0.00033936998152230723	0.00025828775606676204
RAW_2_bartlett_pvalue_div_RAW_8_sample_entropy_left	0.0003385324432657455	0.0006656501531474655
RAW_11_param_0_whole	0.00032545509436363474	0.0003997586952708315
RAW_10_ratio_beyond_r_sigma_1_5_contribution_left	0.00031693190841867167	0.00026110571743987745
RAW_10_quantile_0_4_whole_mul_RAW_2_bartlett_pvalue	0.00031244198345438564	0.00038340534889932953
RAW_10_change_quantiles_f_agg_var_isabs_False_qh_0_8_ql_0_0_right	0.00029277020345340075	0.00032392886149556165
RAW_8_sample_entropy_contribution_right	0.00029199568168392423	0.00015119112766843118
RAW_1_stats_mean_right	0.00028625481462752017	0.00015679717985975979
MCS_10_percentage_of_reoccurring_values_to_all_values_left	0.0002811249563616636	0.00028205478198591277
RAW_11_param_3_right	0.00027617219452511833	0.00033877435396605007
MCS_11_param_4_right	0.00027275272610715717	0.0002638373392163984
MCS_8_approx_entropy_diff	0.00025017256533357737	0.00020204048904183582
RAW_10_agg_linear_trend_attr_rvalue_chunk_len_5_f_agg_max_left	0.00024604781111282507	0.0003605864992914744
MCS_4_zero_cross_right	0.000245077205413724	0.0003468942161843204
MCS_10_percentage_of_reoccurring_values_to_all_values_whole	0.00023368583368910237	0.00020002808656702518
RAW_8_perm_entropy_left	0.00023250045325771794	0.00023951545959910583
RAW_10_quantile_0_4_whole_sqmul_RAW_10_percentage_of_reoccurring_values_to_all_values_contribution_left	0.0002272216816308681	0.0002414717048992465
RAW_5_max_power_whole	0.0002242069787345435	9.683601694812174e-05
MCS_2_ks_stat	0.00019974934376912665	0.00025618685459327005
RAW_8_svd_entropy_whole	0.00019572586698976438	0.00024797458456825045
RAW_10_fft_coefficient_attr_imag_coeff_1_left	0.00019378286964452537	0.0001259808142872194
MCS_10_fft_coefficient_attr_imag_coeff_1_ratio	0.0001918911185908956	0.0002984662887824337
RAW_10_ratio_beyond_r_sigma_1_5_left	0.00018534172291671203	0.00020599154946812737
RAW_11_param_0_right	0.00018068722853482934	0.00035947882601938304
MCS_12_rpt_cost_l1_diff	0.00017385424344963708	0.00013868408976982507
RAW_10_agg_linear_trend_attr_intercept_chunk_len_50_f_agg_mean_ratio_to_whole_left	0.00017378137477079835	9.772147575615735e-05
RAW_8_sample_entropy_diff	0.000170796843523755	0.00011675463732773638
MCS_11_param_3_diff	0.00016932771306752082	7.723191014687012e-05
MCS_11_param_1_contribution_left	0.0001685204665531614	0.0001554097531098257
RAW_1_stats_median_whole	0.00016304131719286686	7.152358459847058e-05
RAW_1_stats_std_whole_add_RAW_2_bartlett_pvalue	0.00016067866938622829	0.0005203912808426598
MCS_8_detrended_fluctuation_whole	0.00015752351795408128	0.00013474676576261067
RAW_10_agg_linear_trend_attr_rvalue_chunk_len_5_f_agg_max_right	0.0001487004996866137	0.0005942887824354386
RAW_10_agg_linear_trend_attr_rvalue_chunk_len_50_f_agg_max_contribution_left	0.00014789568179507498	0.000156030458162196
RAW_10_change_quantiles_f_agg_var_isabs_False_qh_0_8_ql_0_0_whole	0.0001362908599760626	0.0002586122571506676
MCS_10_change_quantiles_f_agg_mean_isabs_True_qh_1_0_ql_0_4_left	0.00013271799692718078	0.00020617840137871515
MCS_1_stats_std_ratio_to_whole_left	0.00013097490352813047	8.840635385385523e-05
RAW_10_quantile_0_4_right	0.0001296746981402941	9.6903741641688e-05
MCS_10_agg_linear_trend_attr_rvalue_chunk_len_50_f_agg_max_left	0.00012957343474967906	0.00010708325893169934
RAW_10_agg_linear_trend_attr_intercept_chunk_len_10_f_agg_max_ratio_to_whole_right	0.00012070133686062356	0.0002837162685376628
MCS_11_param_3_ratio_to_whole_right	0.0001187002530704917	0.00016136875479822542
RAW_1_stats_min_diff	0.00011857472827568771	8.373181841138325e-05
MCS_10_partial_autocorrelation_lag_2_right	0.00011748749080270346	9.531955517092091e-05
MCS_10_ar_coefficient_coeff_2_k_10_ratio_to_whole_left	0.00011568150969571867	0.00011403547174835434
MCS_4_zero_cross_ratio_to_whole_left	0.00011447417650761738	0.0001956058616403178
RAW_10_ratio_beyond_r_sigma_1_5_whole	0.00011375918337121483	0.0003670414695589075
MCS_10_change_quantiles_f_agg_var_isabs_True_qh_0_8_ql_0_6_right	0.0001126147827623647	0.00011951626471715019
MCS_11_param_0_ratio	0.00011088088406426278	0.00011985275111170834
MCS_8_lziv_complexity_whole	0.00010923730392649379	8.775557571145499e-05
MCS_12_rpt_cost_rank_diff	0.00010697561317133619	7.158684187646839e-05
RAW_8_spectral_entropy_left	0.0001064326792482384	0.00010862175411975765
MCS_4_zero_cross_diff	0.00010636688848352227	0.0001225869386591717
MCS_10_partial_autocorrelation_lag_2_diff	0.00010585901867044224	0.0001829385299853121
MCS_2_mannwhitney_pvalue	0.00010295374161904402	3.250955640796234e-05
MCS_10_quantile_0_4_ratio	0.00010142750202542072	8.898604987711851e-05
MCS_8_petrosian_fd_whole	9.986901729443498e-05	5.624209554831058e-05
MCS_1_stats_skew_diff	9.7300908020862e-05	0.0001290132553151335
MCS_10_change_quantiles_f_agg_mean_isabs_True_qh_0_6_ql_0_4_right	9.566885230764988e-05	4.801932295379562e-05
MCS_8_lziv_complexity_right	9.525604258745046e-05	0.0001425658895988433
MCS_8_detrended_fluctuation_right	9.404049692961824e-05	6.256078794049226e-05
MCS_3_cumsum_max_ratio	9.319263999865157e-05	0.00027873734506455737
RAW_8_lziv_complexity_right	9.286594023611206e-05	7.0197929167923e-05
MCS_8_sample_entropy_ratio_to_whole_right	9.280469826145833e-05	7.790791839369055e-05
MCS_5_dominant_freq_ratio_to_whole_right	9.259028103015265e-05	8.096626644973028e-05
MCS_4_zero_cross_left	9.126845819341755e-05	7.414054666154293e-05
MCS_1_stats_skew_ratio	8.926438639517144e-05	0.00010562525233660108
RAW_8_approx_entropy_whole	8.909255102414803e-05	9.388607349038321e-05
RAW_10_ar_coefficient_coeff_2_k_10_left	8.811639622592239e-05	7.829699691314098e-05
MCS_8_perm_entropy_whole	8.80310838552678e-05	6.0277183938443035e-05
MCS_10_agg_linear_trend_attr_slope_chunk_len_10_f_agg_mean_whole	8.802903410355502e-05	0.0001045884928870563
MCS_8_perm_entropy_left	8.7096440207437e-05	7.423920119232737e-05
MCS_10_quantile_0_4_left	8.438294472788654e-05	0.00010605035411357782
MCS_8_approx_entropy_ratio	8.341949989535524e-05	6.987014226197102e-05
MCS_2_adf_icbest_diff	8.252154940917467e-05	9.372219273695809e-05
MCS_10_agg_linear_trend_attr_rvalue_chunk_len_50_f_agg_max_ratio_to_whole_right	8.13202598456153e-05	4.279936884830535e-05
MCS_8_petrosian_fd_left	8.087688120382964e-05	9.36757534709311e-05
MCS_1_stats_skew_ratio_to_whole_left	8.087565326053703e-05	0.00010101370748936874
MCS_10_change_quantiles_f_agg_var_isabs_False_qh_0_8_ql_0_2_whole	7.963277116672886e-05	5.089150402813615e-05
MCS_10_change_quantiles_f_agg_mean_isabs_True_qh_1_0_ql_0_4_whole	7.947629856457139e-05	0.00013501715538908124
MCS_8_svd_entropy_left	7.923817211263452e-05	0.00010685584087694913
MCS_10_change_quantiles_f_agg_var_isabs_True_qh_0_6_ql_0_2_ratio_to_whole_left	7.889151190745736e-05	0.0001264198400540829
MCS_8_sample_entropy_left	7.865587723329237e-05	0.00015277917837986299
MCS_8_sample_entropy_diff	7.82030578110382e-05	7.940636084152477e-05
MCS_8_approx_entropy_whole	7.723595916080295e-05	7.938783061313723e-05
MCS_10_agg_linear_trend_attr_rvalue_chunk_len_50_f_agg_max_ratio	7.648897472682936e-05	0.00011261703415895417
MCS_8_cond_entropy_contribution_left	7.601849683670615e-05	0.00012208723508304114
MCS_10_fft_coefficient_attr_imag_coeff_1_ratio_to_whole_left	7.517644124266032e-05	0.00015039159680523142
MCS_10_agg_linear_trend_attr_rvalue_chunk_len_50_f_agg_max_whole	7.458277682060198e-05	6.256038945123885e-05
MCS_8_katz_fd_ratio_to_whole_left	7.264961367744682e-05	8.064759303662442e-05
MCS_10_quantile_0_6_diff	7.21293161486869e-05	9.070742129221267e-05
MCS_6_iqr_whole	7.131915340861882e-05	7.685991384789757e-05
MCS_10_agg_linear_trend_attr_intercept_chunk_len_10_f_agg_mean_ratio_to_whole_left	7.0496748875718e-05	5.2205294935392954e-05
MCS_8_perm_entropy_ratio_to_whole_left	7.03043243047452e-05	7.073156404333791e-05
MCS_8_shannon_entropy_ratio_to_whole_left	7.020561946249559e-05	0.0001799383411933612
MCS_8_petrosian_fd_right	6.95598748296855e-05	6.0814977847016674e-05
MCS_10_change_quantiles_f_agg_var_isabs_False_qh_0_4_ql_0_2_contribution_left	6.949287068685916e-05	8.310654143997546e-05
MCS_10_linear_trend_attr_intercept_left	6.941267786738315e-05	3.836582603346396e-05
MCS_10_fft_coefficient_attr_imag_coeff_2_diff	6.937198842251858e-05	3.947442639819911e-05
MCS_12_rpt_cost_rank_right	6.824741212848817e-05	3.9118842206264575e-05
MCS_10_change_quantiles_f_agg_var_isabs_False_qh_0_4_ql_0_2_ratio_to_whole_left	6.791289500801656e-05	0.00021968643292855043
MCS_1_stats_skew_ratio_to_whole_right	6.789040792516965e-05	0.00011694525361916103
MCS_8_higuchi_fd_diff	6.724116709024064e-05	0.00011839065803352446
MCS_11_param_1_contribution_right	6.465174209189685e-05	8.031405866001495e-05
MCS_1_stats_mean_right	6.409315953436744e-05	6.637851119989771e-05
MCS_1_stats_mean_ratio_to_whole_left	6.38264551080614e-05	5.3379890956083004e-05
MCS_8_cond_entropy_left	6.292933251504373e-05	8.00097701846633e-05
MCS_1_stats_theil_sen_slope_ratio	6.279938534305418e-05	0.00010028346776336387
MCS_10_fft_coefficient_attr_imag_coeff_3_contribution_left	6.272157709808712e-05	8.723926604302243e-05
MCS_2_kpss_stat_whole	6.236299071331608e-05	4.0896403672392235e-05
MCS_11_param_4_whole	6.213606287266083e-05	0.00011387177519630619
MCS_11_param_3_left	6.162306959887842e-05	9.6796519427155e-05
MCS_10_quantile_0_6_whole	6.144845487957461e-05	8.12195370784485e-05
MCS_5_dominant_freq_right	6.098271403927158e-05	0.00013047091036572737
MCS_10_ratio_beyond_r_sigma_6_ratio_to_whole_left	5.8406710143176214e-05	0.00012180012323535868
MCS_1_stats_theil_sen_slope_left	5.746470990273144e-05	0.00018130458511654714
MCS_10_quantile_0_6_ratio	5.6273679047919024e-05	3.403542687348355e-05
MCS_10_percentage_of_reoccurring_values_to_all_values_ratio_to_whole_left	5.552247888300999e-05	7.992961722608104e-05
MCS_2_wilcoxon_stat	5.487504701131574e-05	3.3677191956912886e-05
MCS_10_change_quantiles_f_agg_var_isabs_True_qh_0_8_ql_0_2_contribution_right	5.357334082184307e-05	8.96448627387603e-05
MCS_10_agg_linear_trend_attr_intercept_chunk_len_50_f_agg_mean_left	5.342490627466723e-05	8.315106374632373e-05
MCS_10_agg_linear_trend_attr_intercept_chunk_len_50_f_agg_mean_diff	5.3254904896700156e-05	4.51368250023338e-05
MCS_12_rpt_cost_cosine_ratio_to_whole_right	5.314097883681423e-05	5.6189301420213916e-05
MCS_10_change_quantiles_f_agg_var_isabs_False_qh_0_8_ql_0_2_right	5.2386443333434236e-05	6.651035755085398e-05
MCS_11_param_3_right	5.2054653723284666e-05	9.053077488748727e-05
MCS_10_agg_linear_trend_attr_rvalue_chunk_len_50_f_agg_max_ratio_to_whole_left	5.1685641431417066e-05	2.1005833418092744e-05
RAW_10_percentage_of_reoccurring_datapoints_to_all_datapoints_contribution_left_sub_RAW_10_percentage_of_reoccurring_values_to_all_values_contribution_left	5.162621093324881e-05	9.096920114214709e-05
MCS_1_stats_theil_sen_slope_contribution_left	5.137197906457281e-05	5.1934744607720176e-05
MCS_8_higuchi_fd_whole	5.113725686747506e-05	6.430912054751275e-05
MCS_10_change_quantiles_f_agg_var_isabs_False_qh_0_6_ql_0_4_whole	5.04209364182373e-05	8.033307435643777e-05
MCS_10_fft_coefficient_attr_imag_coeff_3_ratio_to_whole_left	5.008725899298904e-05	2.0124610486116617e-05
MCS_10_linear_trend_attr_slope_whole	5.0011709527023614e-05	8.318137554472005e-05
MCS_10_change_quantiles_f_agg_var_isabs_True_qh_0_6_ql_0_4_ratio	4.9977404467295146e-05	5.901227568268703e-05
MCS_4_zero_cross_whole	4.996914912504758e-05	6.281944168437688e-05
MCS_10_quantile_0_4_diff	4.9905501146961796e-05	0.00012289481096384474
MCS_10_ratio_value_number_to_time_series_length_diff	4.9583192235601585e-05	6.251234974412151e-05
MCS_10_ar_coefficient_coeff_2_k_10_whole	4.943514348203726e-05	1.5993129666348504e-05
MCS_4_zero_cross_ratio	4.926909132597745e-05	4.4269256877626306e-05
MCS_12_rpt_cost_cosine_right	4.8866991291417464e-05	0.0001114043913222609
MCS_8_shannon_entropy_ratio_to_whole_right	4.847500041898601e-05	4.237962163874689e-05
MCS_11_param_5_ratio_to_whole_left	4.845871963213843e-05	0.000273119929686641
MCS_7_rolling_std_w50_mean_right	4.837829075679201e-05	0.00012089902009350468
MCS_10_change_quantiles_f_agg_var_isabs_True_qh_0_6_ql_0_4_right	4.812097295081253e-05	5.8528129160302834e-05
MCS_10_first_location_of_maximum_ratio_to_whole_right	4.7299510598520776e-05	7.120282880514535e-05
MCS_10_fft_coefficient_attr_imag_coeff_2_whole	4.710045891387903e-05	3.9345261257259604e-05
MCS_10_ratio_beyond_r_sigma_1_5_ratio_to_whole_left	4.6751845901430445e-05	3.8896022448962694e-05
MCS_8_sample_entropy_ratio	4.672749876698079e-05	3.797485337641887e-05
MCS_10_change_quantiles_f_agg_var_isabs_False_qh_0_6_ql_0_4_ratio	4.6599194065392044e-05	1.9400182659947552e-05
MCS_10_percentage_of_reoccurring_datapoints_to_all_datapoints_ratio	4.564755917025875e-05	5.4772129193893156e-05
MCS_10_fft_coefficient_attr_imag_coeff_1_ratio_to_whole_right	4.486221713145723e-05	0.00011601986334429008
MCS_1_stats_theil_sen_slope_right	4.485196544807169e-05	6.598719986996202e-05
MCS_8_cond_entropy_ratio_to_whole_left	4.4794590757010197e-05	0.0001177265519708077
MCS_5_dominant_freq_ratio_to_whole_left	4.466920989442125e-05	3.1341782571492224e-05
MCS_1_stats_mean_whole	4.335175456928964e-05	2.007446862579102e-05
MCS_10_ratio_beyond_r_sigma_1_5_left	4.324372030919177e-05	6.420297327271392e-05
MCS_11_param_5_right	4.3219536007881317e-05	2.832424732504317e-05
MCS_10_agg_linear_trend_attr_rvalue_chunk_len_10_f_agg_max_ratio	4.3035218878616495e-05	4.7302578237962864e-05
MCS_10_partial_autocorrelation_lag_2_left	4.300215422560983e-05	5.8576203871730495e-05
MCS_1_stats_kurt_left	4.2197963518753054e-05	6.235593473247772e-05
MCS_8_approx_entropy_ratio_to_whole_left	4.2118907679999934e-05	7.643178779175569e-05
MCS_11_param_1_whole	4.1812096871719494e-05	4.3571631408065826e-05
MCS_8_higuchi_fd_left	4.1752987307286385e-05	5.709730032236513e-05
MCS_10_change_quantiles_f_agg_var_isabs_True_qh_0_4_ql_0_2_contribution_left	4.146109233283069e-05	0.00010750406520883575
MCS_10_last_location_of_maximum_ratio_to_whole_left	4.1074970949419586e-05	2.5432503172173788e-05
MCS_8_spectral_entropy_ratio_to_whole_left	4.086082951594183e-05	0.00016075969457676466
MCS_10_agg_linear_trend_attr_intercept_chunk_len_5_f_agg_max_diff	4.084101897264492e-05	2.9083752645485692e-05
MCS_10_change_quantiles_f_agg_var_isabs_False_qh_0_8_ql_0_4_contribution_left	4.0670149401063056e-05	5.393163841960011e-05
MCS_12_rpt_cost_normal_ratio	4.041892176648076e-05	9.938459810890836e-05
MCS_2_adf_stat_ratio_to_whole_right	3.985406512827083e-05	2.821000504053928e-05
MCS_8_lziv_complexity_ratio	3.976508415426183e-05	2.1947518963014216e-05
MCS_10_partial_autocorrelation_lag_2_ratio_to_whole_right	3.9724020908940006e-05	5.8757837285829875e-05
MCS_11_param_3_contribution_right	3.9666084142948586e-05	4.6479370598642025e-05
MCS_10_agg_linear_trend_attr_slope_chunk_len_50_f_agg_mean_ratio_to_whole_left	3.961224122188356e-05	4.2176681561083854e-05
MCS_10_agg_linear_trend_attr_intercept_chunk_len_10_f_agg_mean_left	3.9443635823219746e-05	3.5459375299928695e-05
MCS_1_stats_cv_ratio	3.8561146520105225e-05	4.881929332174446e-05
MCS_10_change_quantiles_f_agg_var_isabs_True_qh_1_0_ql_0_4_ratio_to_whole_right	3.827682335314608e-05	3.916549744048091e-05
MCS_8_higuchi_fd_ratio	3.8035408550523006e-05	4.262939275100676e-05
MCS_12_rpt_cost_l1_left	3.7967336931227226e-05	3.0090438529415907e-05
MCS_1_stats_mean_of_rolling_std_right	3.7365218589549e-05	5.3162504999970054e-05
MCS_10_change_quantiles_f_agg_var_isabs_False_qh_0_4_ql_0_2_right	3.733708491935217e-05	8.273366466329227e-05
MCS_10_fft_coefficient_attr_imag_coeff_1_contribution_right	3.698707041598248e-05	3.3169315131684704e-05
MCS_10_partial_autocorrelation_lag_2_whole	3.690415452481943e-05	4.435612188495021e-05
MCS_10_agg_linear_trend_attr_intercept_chunk_len_5_f_agg_mean_ratio_to_whole_left	3.663916135301149e-05	6.322469613159129e-05
MCS_1_stats_mean_ratio_to_whole_right	3.6559823852163614e-05	4.414795027807354e-05
MCS_10_change_quantiles_f_agg_var_isabs_True_qh_0_4_ql_0_2_right	3.632283264664249e-05	3.4607877609896446e-05
MCS_1_stats_median_diff	3.6209045007453695e-05	7.007196824692657e-05
MCS_8_sample_entropy_whole	3.615283304705618e-05	4.7761580696176216e-05
MCS_4_diff_var_ratio_to_whole_right	3.573291357806485e-05	7.159204468310753e-05
MCS_12_rpt_cost_normal_ratio_to_whole_left	3.5476708296243716e-05	3.417462293965637e-05
MCS_4_autocorr_lag1_left	3.4910085949414465e-05	7.265000219958564e-05
MCS_2_shapiro_pvalue_right	3.481991501033566e-05	4.0728808341386205e-05
MCS_11_param_3_contribution_left	3.460393008927532e-05	2.927828969186918e-05
MCS_10_fft_coefficient_attr_imag_coeff_3_right	3.429788734078509e-05	8.088494324378312e-05
MCS_10_agg_linear_trend_attr_intercept_chunk_len_10_f_agg_max_ratio	3.4275729966049e-05	2.696136657473297e-05
MCS_8_lziv_complexity_left	3.406659948422708e-05	8.649907412578476e-05
MCS_11_ar_residuals_s1_pred_mean	3.323721927275481e-05	3.2377480367316554e-05
MCS_1_stats_kurt_ratio	3.3181197791428695e-05	5.3450277265040156e-05
MCS_2_adf_pvalue_whole	3.314261287571618e-05	6.970171534966334e-05
MCS_10_change_quantiles_f_agg_mean_isabs_True_qh_1_0_ql_0_4_ratio	3.3101322804512945e-05	3.508408647030567e-05
MCS_10_agg_linear_trend_attr_slope_chunk_len_50_f_agg_mean_whole	3.3066713933594946e-05	6.762677459486344e-05
MCS_1_stats_theil_sen_slope_whole	3.295582788142681e-05	6.287309534058949e-05
MCS_2_adf_icbest_ratio	3.2918518602299544e-05	4.890979004363388e-05
MCS_8_sample_entropy_contribution_left	3.277314912200291e-05	4.617631125326687e-05
MCS_1_stats_median_whole	3.2742393792571935e-05	0.00012678853105264247
MCS_8_lziv_complexity_ratio_to_whole_right	3.233147357770805e-05	0.00015696883287345044
MCS_10_agg_linear_trend_attr_intercept_chunk_len_5_f_agg_mean_whole	3.193484574514738e-05	5.242357250962857e-05
MCS_8_katz_fd_left	3.188247891926732e-05	5.002287524886269e-05
MCS_10_agg_linear_trend_attr_intercept_chunk_len_5_f_agg_mean_left	3.1725970087878034e-05	5.6844755229130874e-05
MCS_10_change_quantiles_f_agg_var_isabs_False_qh_1_0_ql_0_2_right	3.1710269542020166e-05	5.8306700640312675e-05
MCS_10_quantile_0_6_contribution_left	3.164971022023733e-05	5.0638417173014346e-05
MCS_10_agg_linear_trend_attr_intercept_chunk_len_50_f_agg_max_ratio	3.141734380535221e-05	3.516499719138616e-05
MCS_2_adf_icbest_ratio_to_whole_left	3.129244653327423e-05	4.2168759259723906e-05
MCS_10_agg_linear_trend_attr_slope_chunk_len_5_f_agg_mean_ratio_to_whole_right	3.113622974037722e-05	3.0427214280134494e-05
MCS_10_agg_linear_trend_attr_slope_chunk_len_50_f_agg_mean_left	3.113257809791103e-05	3.530474170043999e-05
MCS_10_last_location_of_maximum_ratio	3.100780456373853e-05	4.74745437554609e-05
MCS_12_rpt_cost_l1_whole	3.089870420874386e-05	2.6222239016974606e-05
MCS_1_stats_median_ratio_to_whole_right	3.078276328891682e-05	2.377118966993214e-05
MCS_1_stats_cv_ratio_to_whole_right	3.068150884907195e-05	4.869142129979561e-05
MCS_1_stats_range_ratio_to_whole_right	3.048038189791824e-05	2.9798211600642456e-05
MCS_10_fft_coefficient_attr_imag_coeff_2_right	3.0333535514091017e-05	0.00012544940252660317
MCS_12_rpt_cost_normal_ratio_to_whole_right	3.028944864870598e-05	7.716475348053069e-05
MCS_10_agg_linear_trend_attr_rvalue_chunk_len_10_f_agg_mean_ratio_to_whole_right	3.0229286878499243e-05	3.3854186250501626e-05
MCS_10_quantile_0_4_contribution_left	3.0074657910890142e-05	5.775017222062718e-05
MCS_1_stats_mean_of_rolling_std_left	2.987572978780495e-05	2.287814359129293e-05
MCS_4_zero_cross_ratio_to_whole_right	2.978462786759173e-05	5.141752771688597e-05
MCS_8_detrended_fluctuation_ratio_to_whole_right	2.9544725977295187e-05	2.7332411890199596e-05
MCS_10_agg_linear_trend_attr_intercept_chunk_len_5_f_agg_max_ratio_to_whole_left	2.937857409897049e-05	7.662024152028859e-05
MCS_1_stats_range_contribution_left	2.9258535953812225e-05	3.651008274668675e-05
MCS_1_stats_median_right	2.925094133583439e-05	5.873310594056761e-05
MCS_2_ttest_pvalue	2.8552626111616465e-05	6.0916259264344996e-05
MCS_2_kpss_pvalue_ratio_to_whole_left	2.830881287474551e-05	4.872275819991698e-05
MCS_11_param_0_contribution_left	2.8181422972404233e-05	6.82467745204745e-05
MCS_11_param_5_contribution_right	2.8133051768337582e-05	9.808930103067832e-06
MCS_10_ar_coefficient_coeff_2_k_10_ratio_to_whole_right	2.781206783290968e-05	4.063880377307616e-05
MCS_10_ratio_beyond_r_sigma_1_5_ratio	2.779616274251939e-05	1.039727173590632e-05
MCS_10_agg_linear_trend_attr_intercept_chunk_len_10_f_agg_mean_whole	2.731185555762128e-05	8.396912690269652e-05
MCS_10_first_location_of_maximum_diff	2.725774981659379e-05	3.472541821094748e-05
MCS_8_sample_entropy_right	2.7257520742021142e-05	6.388329855444302e-05
MCS_1_stats_mean_ratio	2.712382113235101e-05	6.794032128365669e-05
MCS_11_param_4_ratio	2.7070104535928948e-05	1.9523421033728622e-05
MCS_8_approx_entropy_right	2.6853785468143874e-05	4.5106991114053964e-05
MCS_10_fft_coefficient_attr_imag_coeff_2_left	2.6828882740345113e-05	0.00010271445726130188
MCS_10_percentage_of_reoccurring_datapoints_to_all_datapoints_whole	2.681154310446577e-05	3.617731722409946e-05
MCS_10_ratio_beyond_r_sigma_1_5_right	2.650784990646637e-05	2.855998777741946e-05
MCS_8_svd_entropy_whole	2.6398424825836436e-05	6.728951316084743e-05
MCS_11_param_0_whole	2.6149976568929923e-05	2.9855353899251414e-05
MCS_10_first_location_of_maximum_right	2.5981497641899278e-05	5.845635804489005e-05
MCS_10_linear_trend_attr_intercept_whole	2.58941521423528e-05	6.001103015578229e-05
MCS_11_ar_aic_ratio_to_whole_right	2.5887963556775474e-05	5.944142720076105e-05
MCS_10_agg_linear_trend_attr_rvalue_chunk_len_5_f_agg_mean_ratio_to_whole_right	2.581255107116487e-05	3.223790768210893e-05
MCS_10_quantile_0_6_contribution_right	2.5738108838276875e-05	2.5789657889873018e-05
MCS_8_perm_entropy_ratio	2.5727164463629214e-05	1.8220343651510418e-05
MCS_10_agg_linear_trend_attr_rvalue_chunk_len_5_f_agg_mean_contribution_right	2.572242362186006e-05	1.278811127694242e-05
MCS_10_change_quantiles_f_agg_mean_isabs_True_qh_0_6_ql_0_4_ratio_to_whole_left	2.56691013435717e-05	5.112943071488802e-05
MCS_10_ar_coefficient_coeff_2_k_10_left	2.5539504676570514e-05	2.913584598752641e-05
MCS_10_fft_coefficient_attr_imag_coeff_1_contribution_left	2.5207993068857572e-05	3.759349856041248e-05
MCS_1_stats_max_left	2.516242769787902e-05	3.226908192513214e-05
MCS_1_stats_mean_of_rolling_std_ratio_to_whole_left	2.5140511420270743e-05	3.1246147260302285e-05
MCS_1_stats_median_ratio_to_whole_left	2.507283846955976e-05	3.6992675587257504e-05
MCS_8_lziv_complexity_contribution_left	2.4867455883871287e-05	2.5834649700680073e-05
MCS_10_change_quantiles_f_agg_var_isabs_False_qh_0_6_ql_0_2_contribution_left	2.4562691285212602e-05	3.0270430749412474e-05
MCS_10_change_quantiles_f_agg_var_isabs_False_qh_0_8_ql_0_2_contribution_left	2.455849582206682e-05	2.615459283540011e-05
MCS_1_stats_mean_contribution_right	2.452326712990671e-05	2.7883400076914408e-05
MCS_10_change_quantiles_f_agg_var_isabs_True_qh_0_6_ql_0_4_whole	2.435891880614882e-05	5.1236731273719864e-05
MCS_12_rpt_cost_rank_ratio_to_whole_right	2.424362629412258e-05	1.719647946600283e-05
MCS_10_agg_linear_trend_attr_intercept_chunk_len_10_f_agg_mean_ratio	2.3889897272543203e-05	2.9637287876762536e-05
MCS_8_petrosian_fd_ratio_to_whole_right	2.3779478217442748e-05	1.9280213351580555e-05
MCS_10_quantile_0_1_right	2.3697104735976856e-05	3.611157809952486e-05
MCS_8_hjorth_complexity_whole	2.3582527461107898e-05	1.733812658212858e-05
MCS_10_change_quantiles_f_agg_mean_isabs_True_qh_0_6_ql_0_4_whole	2.339509147225471e-05	3.567580747938268e-05
MCS_10_agg_linear_trend_attr_intercept_chunk_len_10_f_agg_mean_contribution_right	2.3339835493387807e-05	7.039263056791283e-05
MCS_2_adf_stat_left	2.3269206236977705e-05	5.353638001604266e-05
MCS_1_stats_median_contribution_right	2.2954469383020818e-05	7.332147871639839e-05
MCS_10_fft_coefficient_attr_imag_coeff_2_contribution_right	2.287135942657392e-05	3.965502211826999e-05
MCS_1_stats_mean_diff	2.2742364326571173e-05	6.375058924518517e-05
MCS_10_agg_linear_trend_attr_intercept_chunk_len_5_f_agg_max_ratio	2.259973467310883e-05	3.114372626305528e-05
MCS_8_cond_entropy_contribution_right	2.254101259249075e-05	0.0001180893700391569
MCS_8_petrosian_fd_ratio_to_whole_left	2.2463870289404217e-05	7.267309461904382e-05
MCS_10_change_quantiles_f_agg_var_isabs_False_qh_0_8_ql_0_2_left	2.2157161069951137e-05	2.7182671638120054e-05
MCS_8_hjorth_complexity_left	2.2138047450785956e-05	5.4380267645403024e-05
MCS_10_percentage_of_reoccurring_datapoints_to_all_datapoints_contribution_left	2.2131284106386985e-05	2.693601061763802e-05
MCS_2_adf_pvalue_left	2.2049199327131012e-05	3.386786659238891e-05
MCS_10_percentage_of_reoccurring_datapoints_to_all_datapoints_ratio_to_whole_right	2.203266298085427e-05	1.751402893800423e-05
MCS_10_agg_linear_trend_attr_rvalue_chunk_len_5_f_agg_mean_whole	2.1767193464424795e-05	8.49045742826132e-05
MCS_1_stats_kurt_ratio_to_whole_left	2.1668329375210683e-05	4.7151322140190435e-05
MCS_10_percentage_of_reoccurring_values_to_all_values_contribution_left	2.164257397432201e-05	5.317340782636118e-05
MCS_10_quantile_0_6_right	2.148548449040444e-05	4.3059270701305897e-05
MCS_10_agg_linear_trend_attr_slope_chunk_len_10_f_agg_mean_left	2.1150273738037574e-05	3.835841762687322e-05
MCS_10_change_quantiles_f_agg_var_isabs_True_qh_1_0_ql_0_4_right	2.1139939543109998e-05	1.6782408949737558e-05
MCS_1_stats_kurt_ratio_to_whole_right	2.1077023380903226e-05	4.7196396005757774e-05
MCS_10_change_quantiles_f_agg_var_isabs_False_qh_0_6_ql_0_4_right	2.1039350133867927e-05	4.2845551798010964e-05
MCS_10_partial_autocorrelation_lag_2_ratio	2.099060843625988e-05	3.2641549071350366e-05
MCS_10_agg_linear_trend_attr_intercept_chunk_len_5_f_agg_max_left	2.0896332849633656e-05	5.396038887755321e-05
MCS_8_sample_entropy_ratio_to_whole_left	2.0699187322555938e-05	5.506690311182417e-05
MCS_8_katz_fd_diff	2.0509111140973872e-05	5.4624135288107605e-05
MCS_10_change_quantiles_f_agg_var_isabs_True_qh_0_8_ql_0_4_contribution_right	2.0413950032451832e-05	6.066488487240505e-05
MCS_10_agg_linear_trend_attr_rvalue_chunk_len_5_f_agg_max_contribution_right	2.040519203709845e-05	4.9667577710031334e-05
MCS_1_stats_min_whole	2.020310160875227e-05	3.385354108418367e-05
MCS_10_agg_linear_trend_attr_rvalue_chunk_len_10_f_agg_max_ratio_to_whole_right	1.9860615819951022e-05	3.404268706249452e-05
MCS_11_param_5_ratio	1.9625282855247894e-05	3.7857625147539245e-05
MCS_12_rpt_cost_clinear_ratio_to_whole_left	1.9570223293221557e-05	2.1654526851149953e-05
MCS_10_change_quantiles_f_agg_var_isabs_True_qh_0_4_ql_0_2_ratio	1.9098904664347492e-05	4.154122061335359e-05
MCS_1_stats_skew_left	1.8948290190079488e-05	6.716943188631597e-05
MCS_10_agg_linear_trend_attr_slope_chunk_len_50_f_agg_mean_contribution_left	1.8886069937855686e-05	2.210276033324019e-05
MCS_10_ar_coefficient_coeff_2_k_10_contribution_left	1.8879989746065636e-05	8.674931083432883e-06
MCS_10_change_quantiles_f_agg_var_isabs_True_qh_0_6_ql_0_2_ratio_to_whole_right	1.887412438701608e-05	4.732162357224572e-05
MCS_11_param_0_diff	1.8673426645766654e-05	2.8521707363003634e-05
MCS_1_stats_max_right	1.85716279002035e-05	3.5700563753742304e-05
MCS_3_cumsum_max_left	1.8566528014251074e-05	2.9372680937076242e-05
MCS_10_quantile_0_4_right	1.8440661503519306e-05	6.372418775302743e-05
MCS_10_linear_trend_attr_intercept_diff	1.8412944476884352e-05	2.3998262040244873e-05
MCS_10_agg_linear_trend_attr_rvalue_chunk_len_10_f_agg_max_contribution_right	1.8379223479461084e-05	1.3587005721116864e-05
MCS_11_param_2_ratio_to_whole_left	1.8167760746060633e-05	2.6061847829130307e-05
MCS_4_autocorr_lag1_ratio	1.81588185768633e-05	4.1607797260920405e-05
MCS_12_rpt_cost_mahalanobis_right	1.807148867130182e-05	3.147809070537123e-05
MCS_11_ar_aic_contribution_left	1.7933086565556924e-05	4.258919751994935e-05
MCS_1_stats_min_contribution_left	1.790378687245964e-05	4.813605971717644e-05
MCS_10_percentage_of_reoccurring_datapoints_to_all_datapoints_left	1.7671065484511362e-05	2.3102549789213928e-05
MCS_10_change_quantiles_f_agg_var_isabs_True_qh_0_8_ql_0_2_diff	1.7494072231356573e-05	3.416940480383765e-05
MCS_6_iqr_ratio	1.736627904545318e-05	3.5932543691083854e-05
MCS_12_rpt_cost_rbf_right	1.7252953494342194e-05	7.766698889245956e-05
MCS_10_fft_coefficient_attr_imag_coeff_2_contribution_left	1.724065201512026e-05	5.62105461154602e-05
MCS_10_change_quantiles_f_agg_var_isabs_False_qh_0_4_ql_0_2_ratio_to_whole_right	1.7175917791938386e-05	6.502700824283109e-05
MCS_8_shannon_entropy_right	1.7125227181865594e-05	4.16936167328575e-05
MCS_12_rpt_cost_rank_left	1.7053615576709816e-05	0.00010302634785250087
MCS_12_rpt_cost_cosine_left	1.695870140018041e-05	1.9323701704074276e-05
MCS_8_cond_entropy_right	1.695668896531499e-05	4.9716618409188146e-05
MCS_1_stats_max_contribution_left	1.6946292056319033e-05	6.832425586385344e-05
MCS_8_petrosian_fd_contribution_left	1.6858136785555813e-05	3.840389966403237e-05
MCS_2_adf_icbest_right	1.6724591425746336e-05	3.7461711699077986e-05
MCS_10_agg_linear_trend_attr_intercept_chunk_len_50_f_agg_max_diff	1.663739382672613e-05	2.7401822297253317e-05
MCS_2_adf_pvalue_right	1.6549591309681368e-05	2.553544149040188e-05
MCS_10_fft_coefficient_attr_imag_coeff_3_contribution_right	1.645307871101731e-05	1.8366693877608e-05
MCS_10_fft_coefficient_attr_imag_coeff_1_left	1.6179750066420695e-05	3.738436634706811e-05
MCS_1_stats_median_contribution_left	1.612045121343941e-05	8.881067953888232e-05
MCS_10_last_location_of_maximum_ratio_to_whole_right	1.591223495763683e-05	5.619273048662169e-05
MCS_1_stats_min_ratio_to_whole_left	1.587813702918939e-05	3.152995186544164e-05
MCS_2_adf_icbest_ratio_to_whole_right	1.5796347286712865e-05	1.2359954371374007e-05
RAW_10_fft_coefficient_attr_imag_coeff_3_ratio_to_whole_right	1.5739365517513093e-05	9.419077331742312e-05
MCS_10_agg_linear_trend_attr_intercept_chunk_len_5_f_agg_max_contribution_left	1.5737849504006143e-05	2.955738066305981e-05
MCS_2_kpss_stat_ratio_to_whole_left	1.5579773511955606e-05	6.132504504691874e-05
MCS_10_change_quantiles_f_agg_var_isabs_True_qh_0_6_ql_0_2_right	1.5507822454283723e-05	1.4430369496467752e-05
MCS_10_ratio_value_number_to_time_series_length_ratio	1.5473987669130105e-05	1.5490085556639172e-05
MCS_5_max_power_ratio_to_whole_left	1.5432740044167837e-05	3.946711179369437e-05
MCS_10_percentage_of_reoccurring_datapoints_to_all_datapoints_ratio_to_whole_left	1.5385856693275187e-05	0.0001593546813316248
MCS_11_ar_aic_contribution_right	1.496379033704809e-05	4.6189123569381664e-05
MCS_10_agg_linear_trend_attr_intercept_chunk_len_5_f_agg_mean_ratio_to_whole_right	1.4712083462400383e-05	1.887454451126407e-05
MCS_10_change_quantiles_f_agg_var_isabs_False_qh_0_6_ql_0_2_whole	1.4594586860630087e-05	0.00010181414740962828
MCS_5_dominant_freq_whole	1.4566244045592924e-05	5.80768881161296e-05
MCS_11_param_4_diff	1.4522451540905924e-05	3.5580226565416135e-05
MCS_2_kpss_pvalue_right	1.4407783817851349e-05	1.1886765160888816e-05
MCS_10_change_quantiles_f_agg_var_isabs_True_qh_0_6_ql_0_4_ratio_to_whole_right	1.439177396398872e-05	0.00011369016169233566
MCS_2_bartlett_pvalue	1.4290727889998411e-05	1.738428928532225e-05
MCS_3_sum_diff	1.427783692510176e-05	2.476403936859304e-05
MCS_6_iqr_ratio_to_whole_left	1.4214923408429893e-05	0.0001107530397927001
MCS_10_agg_linear_trend_attr_rvalue_chunk_len_50_f_agg_max_right	1.4213716555980801e-05	4.163770624146174e-05
MCS_10_linear_trend_attr_slope_right	1.4012535870941978e-05	1.2108489732826576e-05
MCS_12_rpt_cost_ar_diff	1.4007328414240572e-05	2.1046769354763024e-05
MCS_10_change_quantiles_f_agg_var_isabs_False_qh_1_0_ql_0_4_left	1.3994192119366479e-05	3.704597774413975e-05
MCS_10_linear_trend_attr_rvalue_left	1.3931349135806184e-05	6.197641390483896e-05
MCS_12_rpt_cost_rbf_ratio_to_whole_left	1.3889191106161158e-05	2.1804723921955804e-05
MCS_2_levene_stat	1.3884271249325897e-05	6.152802472211934e-05
MCS_11_param_0_ratio_to_whole_right	1.3824048808017684e-05	6.720754417667721e-05
MCS_10_agg_linear_trend_attr_rvalue_chunk_len_10_f_agg_mean_left	1.3725543571951881e-05	1.830862843356509e-05
MCS_10_agg_linear_trend_attr_rvalue_chunk_len_5_f_agg_mean_left	1.3607102820100135e-05	6.232440411724689e-05
MCS_1_stats_max_diff	1.359792380137059e-05	3.8248604178417525e-05
MCS_6_iqr_left	1.3371643942279297e-05	2.4027007432368965e-05
MCS_10_agg_linear_trend_attr_intercept_chunk_len_5_f_agg_mean_ratio	1.337124174631721e-05	1.8032517717825342e-05
MCS_10_change_quantiles_f_agg_var_isabs_True_qh_0_8_ql_0_4_ratio_to_whole_left	1.327131597145148e-05	2.5580989829890794e-05
MCS_10_agg_linear_trend_attr_rvalue_chunk_len_50_f_agg_mean_ratio	1.324273504286655e-05	3.9983224803278857e-05
MCS_10_partial_autocorrelation_lag_2_ratio_to_whole_left	1.3228222507321029e-05	3.2750768152596506e-05
MCS_10_linear_trend_attr_intercept_ratio_to_whole_left	1.3088837200353476e-05	6.899448746604951e-05
MCS_3_sum_ratio	1.3023761202450858e-05	4.444053993299947e-05
MCS_1_stats_std_diff	1.2861289185716053e-05	1.9663370930474177e-05
MCS_12_rpt_cost_l1_ratio_to_whole_left	1.2824808064301198e-05	4.5961359357246226e-05
MCS_2_adf_pvalue_diff	1.2777198012233761e-05	3.446325527419385e-05
MCS_10_fft_coefficient_attr_imag_coeff_2_ratio	1.2725966609153925e-05	9.753602956371784e-05
MCS_2_wilcoxon_pvalue	1.2719431295815652e-05	1.113678246648583e-05
MCS_8_lziv_complexity_ratio_to_whole_left	1.2473070621893401e-05	5.442478872936378e-05
MCS_10_quantile_0_4_contribution_right	1.2431069414131635e-05	3.8912368906775255e-05
MCS_8_higuchi_fd_ratio_to_whole_right	1.237247665645036e-05	4.0330978523880666e-05
MCS_10_quantile_0_6_left	1.2348754428566088e-05	3.449405219093035e-05
MCS_10_change_quantiles_f_agg_var_isabs_True_qh_1_0_ql_0_2_right	1.2261034026209706e-05	1.985538585566168e-05
MCS_10_ratio_beyond_r_sigma_1_5_contribution_left	1.2124410665739215e-05	3.145851174666977e-05
MCS_1_stats_min_ratio	1.2082551214963597e-05	5.312763827628807e-05
MCS_10_agg_linear_trend_attr_rvalue_chunk_len_10_f_agg_mean_contribution_right	1.1948390854668034e-05	1.910238817436649e-05
MCS_8_svd_entropy_ratio_to_whole_left	1.1946508683362555e-05	8.06450143851452e-05
MCS_10_agg_linear_trend_attr_rvalue_chunk_len_5_f_agg_max_right	1.1825121399655636e-05	3.4714195993923206e-05
MCS_10_ar_coefficient_coeff_2_k_10_ratio	1.1668769684090032e-05	3.7531458173795694e-05
MCS_10_last_location_of_maximum_contribution_left	1.1664209356526678e-05	2.0413253012322142e-05
MCS_8_higuchi_fd_right	1.1594881883442155e-05	3.153360603525431e-05
MCS_10_first_location_of_maximum_contribution_left	1.1526351424203663e-05	3.126174651895617e-05
MCS_10_agg_linear_trend_attr_intercept_chunk_len_10_f_agg_max_ratio_to_whole_right	1.147946335540495e-05	2.853693866696735e-05
MCS_10_change_quantiles_f_agg_var_isabs_False_qh_0_6_ql_0_4_contribution_left	1.1441896371011673e-05	2.330076137939746e-05
MCS_2_adf_icbest_contribution_right	1.1440756921118342e-05	2.2263908237934964e-05
MCS_8_perm_entropy_ratio_to_whole_right	1.1362711782531011e-05	2.0093401819881803e-05
MCS_10_agg_linear_trend_attr_rvalue_chunk_len_10_f_agg_mean_whole	1.1303295540923128e-05	2.9424804108972528e-05
MCS_10_fft_coefficient_attr_imag_coeff_3_whole	1.1282488994941444e-05	0.0001435196966848992
MCS_10_agg_linear_trend_attr_intercept_chunk_len_10_f_agg_mean_diff	1.1116601171159423e-05	1.1655511359379148e-05
MCS_10_agg_linear_trend_attr_intercept_chunk_len_10_f_agg_mean_contribution_left	1.1063886574005368e-05	6.834876102983933e-05
MCS_8_katz_fd_whole	1.1054649514996572e-05	2.4657709735613587e-05
MCS_10_change_quantiles_f_agg_var_isabs_True_qh_0_4_ql_0_2_contribution_right	1.1043790135747411e-05	1.52296692208358e-05
MCS_1_stats_mean_contribution_left	1.0959804269564667e-05	3.7528281007189005e-05
MCS_10_fft_coefficient_attr_imag_coeff_1_whole	1.0928039812574398e-05	0.00013287958455041106
MCS_10_agg_linear_trend_attr_intercept_chunk_len_10_f_agg_mean_ratio_to_whole_right	1.0889373414150192e-05	3.3632444379447444e-05
MCS_10_agg_linear_trend_attr_rvalue_chunk_len_5_f_agg_max_ratio_to_whole_right	1.0810887792728208e-05	3.232282854808781e-05
MCS_8_detrended_fluctuation_diff	1.0784961636758349e-05	4.780942442337224e-05
MCS_1_stats_median_left	1.0763058733833642e-05	0.00013909883942244292
MCS_10_change_quantiles_f_agg_var_isabs_True_qh_0_8_ql_0_2_whole	1.0695699691445349e-05	3.4367464080843434e-05
MCS_10_change_quantiles_f_agg_var_isabs_True_qh_0_6_ql_0_2_left	1.0671350322976059e-05	1.1504069692733e-05
MCS_2_kpss_pvalue_whole	1.065875997990129e-05	2.2411738966622203e-05
MCS_2_adf_icbest_contribution_left	1.0645880111573858e-05	1.5165517753299398e-05
MCS_10_change_quantiles_f_agg_var_isabs_True_qh_1_0_ql_0_4_ratio_to_whole_left	1.0619084159997349e-05	2.7545266952729468e-05
MCS_10_change_quantiles_f_agg_var_isabs_True_qh_0_8_ql_0_4_whole	1.0556933941161527e-05	9.104259742044513e-06
MCS_8_svd_entropy_ratio	1.0379626529797295e-05	1.3864252101546319e-05
MCS_1_stats_kurt_whole	1.0316599357673705e-05	1.644625823173334e-05
MCS_10_agg_linear_trend_attr_intercept_chunk_len_50_f_agg_max_whole	1.030414971338489e-05	4.690398910742416e-05
MCS_10_change_quantiles_f_agg_var_isabs_False_qh_1_0_ql_0_2_left	1.0197132605618273e-05	4.1367524895623086e-05
MCS_10_change_quantiles_f_agg_var_isabs_True_qh_0_8_ql_0_6_contribution_left	1.0163821873077072e-05	3.309418438038874e-05
MCS_10_change_quantiles_f_agg_var_isabs_False_qh_0_4_ql_0_2_left	1.0129380979411185e-05	3.1034568231368745e-05
MCS_10_change_quantiles_f_agg_var_isabs_False_qh_0_8_ql_0_0_right	1.0109675111423797e-05	6.312309696414736e-05
MCS_12_rpt_cost_ar_ratio	9.905236073223244e-06	1.2117135742772306e-05
MCS_3_cumsum_max_diff	9.848726842034417e-06	3.668039231564805e-05
MCS_10_change_quantiles_f_agg_var_isabs_False_qh_0_6_ql_0_2_ratio	9.614374800434034e-06	1.6633890391686195e-05
MCS_8_spectral_entropy_right	9.599408569022084e-06	4.6810299574936554e-05
MCS_1_stats_max_ratio_to_whole_left	9.515595265705557e-06	4.191214000881945e-05
MCS_10_change_quantiles_f_agg_var_isabs_True_qh_0_4_ql_0_2_ratio_to_whole_left	9.478570558733024e-06	3.575054063906383e-05
MCS_2_kpss_stat_ratio_to_whole_right	9.459697977869387e-06	4.61382720762975e-05
MCS_1_stats_median_ratio	9.429792764178436e-06	3.2699408788286e-05
MCS_10_change_quantiles_f_agg_var_isabs_False_qh_0_6_ql_0_2_contribution_right	9.343936822681088e-06	6.613056610204178e-06
MCS_10_change_quantiles_f_agg_var_isabs_True_qh_0_8_ql_0_2_contribution_left	9.32803246715963e-06	1.6603333984869115e-05
MCS_2_kpss_stat_right	9.320358909136183e-06	0.00010774423236292509
MCS_12_rpt_cost_clinear_ratio	9.294288409437133e-06	1.631447970673881e-05
MCS_10_quantile_0_1_diff	9.241513258757549e-06	3.889560591042006e-05
MCS_2_adf_stat_whole	9.191697220968243e-06	5.889003923772428e-05
MCS_11_param_5_contribution_left	9.168119322138236e-06	3.632147848946334e-05
MCS_5_max_power_diff	9.117960010510685e-06	2.035271188882559e-05
MCS_10_change_quantiles_f_agg_var_isabs_True_qh_0_8_ql_0_4_right	9.107370344354492e-06	2.9012954380363437e-05
MCS_10_agg_linear_trend_attr_rvalue_chunk_len_10_f_agg_max_right	9.021120422776362e-06	4.552602698916392e-05
MCS_10_change_quantiles_f_agg_var_isabs_False_qh_1_0_ql_0_2_ratio_to_whole_left	8.96802589631096e-06	3.1755966897763356e-05
MCS_10_agg_linear_trend_attr_intercept_chunk_len_50_f_agg_mean_ratio_to_whole_left	8.898508414491026e-06	5.076121072497421e-05
MCS_10_percentage_of_reoccurring_datapoints_to_all_datapoints_contribution_right	8.819507544230998e-06	2.452712310079724e-05
MCS_10_change_quantiles_f_agg_var_isabs_False_qh_0_8_ql_0_4_left	8.792803569367402e-06	1.5991662443850632e-05
MCS_1_stats_range_diff	8.78909204943379e-06	4.461290935269112e-05
MCS_10_change_quantiles_f_agg_var_isabs_True_qh_0_6_ql_0_4_contribution_right	8.758901190596412e-06	2.2489836444075753e-05
MCS_2_kpss_stat_left	8.755632431630689e-06	4.145941578101256e-05
MCS_10_percentage_of_reoccurring_values_to_all_values_right	8.742085386864715e-06	6.733547254231767e-05
MCS_12_rpt_cost_rank_contribution_right	8.722959289536592e-06	1.3055587632523236e-05
MCS_10_change_quantiles_f_agg_mean_isabs_True_qh_0_6_ql_0_4_left	8.69514259944526e-06	4.090748067731003e-05
MCS_10_agg_linear_trend_attr_rvalue_chunk_len_50_f_agg_max_contribution_right	8.690401081589138e-06	5.08139403435605e-05
MCS_2_kpss_stat_diff	8.683174517384318e-06	2.1075204639150085e-05
MCS_1_stats_range_contribution_right	8.589579467204179e-06	8.746043041900638e-06
MCS_8_spectral_entropy_ratio_to_whole_right	8.518379743632786e-06	1.616579762007105e-05
MCS_10_agg_linear_trend_attr_slope_chunk_len_5_f_agg_mean_contribution_left	8.377948536092417e-06	2.0442345820578742e-05
MCS_12_rpt_cost_ar_left	8.34768033919575e-06	1.252674515902546e-05
MCS_2_ad_pvalue	8.347448119357949e-06	1.1145391384020087e-05
MCS_1_stats_min_diff	8.29668788743798e-06	1.1226543465091076e-05
MCS_10_change_quantiles_f_agg_var_isabs_False_qh_1_0_ql_0_4_ratio_to_whole_left	8.225292158533516e-06	1.253618338738833e-05
MCS_10_agg_linear_trend_attr_intercept_chunk_len_50_f_agg_mean_contribution_right	8.22365869763808e-06	2.3060099727307917e-05
MCS_2_bartlett_stat	8.213474005271947e-06	0.00011703099918439711
MCS_12_rpt_cost_cosine_whole	8.1772156532256e-06	2.1522417194647828e-05
MCS_1_stats_std_ratio_to_whole_right	7.990005387971122e-06	1.1793141272629719e-05
MCS_1_stats_theil_sen_slope_diff	7.959958490727498e-06	0.0003316839395064272
MCS_8_cond_entropy_ratio_to_whole_right	7.92157554748374e-06	8.308465780556392e-05
MCS_10_change_quantiles_f_agg_var_isabs_True_qh_1_0_ql_0_4_left	7.890843851560138e-06	3.184720925748229e-05
MCS_1_stats_cv_contribution_left	7.881917291052697e-06	2.2507793210617472e-05
MCS_10_agg_linear_trend_attr_rvalue_chunk_len_5_f_agg_max_diff	7.81207712651999e-06	1.817906731482883e-05
MCS_4_autocorr_lag1_ratio_to_whole_right	7.769861379947062e-06	1.866761097024076e-05
MCS_10_linear_trend_attr_intercept_contribution_right	7.680048779619142e-06	2.686913474779086e-05
MCS_10_fft_coefficient_attr_imag_coeff_3_diff	7.670793231210335e-06	7.595449654341013e-05
MCS_1_stats_std_contribution_left	7.4909215247909165e-06	5.312455633690638e-06
MCS_10_agg_linear_trend_attr_rvalue_chunk_len_5_f_agg_max_contribution_left	7.4249929713732214e-06	5.3695996010646145e-05
MCS_3_cumsum_max_contribution_left	7.282304748557067e-06	3.201609315092051e-05
MCS_10_change_quantiles_f_agg_var_isabs_True_qh_1_0_ql_0_4_diff	7.26902496238635e-06	1.9411968964520363e-05
MCS_10_change_quantiles_f_agg_var_isabs_False_qh_0_4_ql_0_2_ratio	7.217395169969442e-06	2.3212467569449617e-05
MCS_2_adf_pvalue_ratio_to_whole_left	7.1885284346129294e-06	1.3205118379820086e-05
MCS_8_svd_entropy_ratio_to_whole_right	7.1395490790615605e-06	3.680999917127385e-05
MCS_10_change_quantiles_f_agg_var_isabs_False_qh_1_0_ql_0_2_ratio	7.123931485690792e-06	1.4836734341039859e-05
MCS_10_change_quantiles_f_agg_var_isabs_False_qh_0_8_ql_0_4_whole	7.10967179053279e-06	2.2373704397186278e-05
MCS_10_agg_linear_trend_attr_rvalue_chunk_len_10_f_agg_mean_contribution_left	7.075866121043493e-06	2.4335831459591366e-05
MCS_10_ar_coefficient_coeff_2_k_10_diff	6.957221133323534e-06	0.00018190244499134925
MCS_10_change_quantiles_f_agg_var_isabs_False_qh_0_8_ql_0_2_contribution_right	6.899379915504822e-06	2.6007836127802944e-05
MCS_10_ratio_value_number_to_time_series_length_ratio_to_whole_left	6.865347199679351e-06	1.2227799133983676e-05
MCS_10_change_quantiles_f_agg_var_isabs_True_qh_1_0_ql_0_4_whole	6.845007533178293e-06	1.1201037974726875e-05
MCS_4_zero_cross_contribution_right	6.774049670978943e-06	1.1903843776292073e-05
MCS_10_agg_linear_trend_attr_intercept_chunk_len_50_f_agg_max_ratio_to_whole_left	6.761410017930292e-06	9.588271023117997e-05
MCS_10_change_quantiles_f_agg_mean_isabs_True_qh_0_6_ql_0_4_contribution_left	6.714485910988e-06	3.148897102297214e-05
MCS_10_agg_linear_trend_attr_slope_chunk_len_5_f_agg_mean_ratio	6.694178270242324e-06	5.377162473584352e-05
MCS_11_param_0_contribution_right	6.4886817498555075e-06	1.3237247900018456e-05
MCS_8_katz_fd_right	6.475570440647171e-06	2.40925829804548e-05
MCS_12_rpt_cost_ar_ratio_to_whole_right	6.3612007379698635e-06	1.5671341084012528e-05
MCS_10_change_quantiles_f_agg_var_isabs_True_qh_0_8_ql_0_6_whole	6.301528819367963e-06	1.0686994252454932e-05
MCS_1_stats_min_ratio_to_whole_right	6.2966238805017825e-06	2.2350212035143872e-05
MCS_12_rpt_cost_cosine_contribution_right	6.2238445328066665e-06	2.3727867400811786e-05
MCS_8_perm_entropy_diff	6.194043406481111e-06	5.9802645348950326e-05
MCS_8_spectral_entropy_whole	6.185153633722073e-06	1.432944877242162e-05
MCS_12_rpt_cost_l1_ratio	6.07123743582072e-06	1.1742656579339567e-05
MCS_10_change_quantiles_f_agg_var_isabs_True_qh_0_4_ql_0_2_left	6.045955689971682e-06	1.5332696310045865e-05
MCS_10_agg_linear_trend_attr_rvalue_chunk_len_5_f_agg_mean_ratio	6.03167039181729e-06	3.300723189415497e-05
MCS_10_change_quantiles_f_agg_var_isabs_False_qh_0_8_ql_0_4_diff	6.029770818748448e-06	1.9061153714105544e-05
MCS_10_agg_linear_trend_attr_slope_chunk_len_5_f_agg_mean_left	5.955159800227205e-06	3.7614773997067125e-05
MCS_10_change_quantiles_f_agg_var_isabs_True_qh_0_6_ql_0_4_left	5.939776161004718e-06	3.186642330761785e-05
MCS_10_change_quantiles_f_agg_mean_isabs_True_qh_1_0_ql_0_4_contribution_left	5.870762802011597e-06	2.215808644308348e-05
MCS_1_stats_theil_sen_slope_contribution_right	5.788380516784657e-06	0.00010412673286235735
MCS_8_lziv_complexity_contribution_right	5.778340785440594e-06	7.544516688152496e-06
MCS_12_rpt_cost_l2_diff	5.729783746710737e-06	1.986872497406169e-05
MCS_8_spectral_entropy_contribution_left	5.616952191908054e-06	1.715149181842979e-05
MCS_10_change_quantiles_f_agg_var_isabs_True_qh_1_0_ql_0_2_left	5.600325529765415e-06	8.230687848034645e-06
MCS_10_change_quantiles_f_agg_var_isabs_True_qh_0_6_ql_0_4_contribution_left	5.40054689411651e-06	3.4218699365788226e-05
MCS_1_stats_kurt_diff	5.349618082310935e-06	6.63184181167374e-05
MCS_10_change_quantiles_f_agg_var_isabs_False_qh_1_0_ql_0_4_right	5.306036515576596e-06	5.328149699038201e-06
MCS_10_agg_linear_trend_attr_rvalue_chunk_len_5_f_agg_max_ratio	5.2921969472896615e-06	6.81871949471305e-05
MCS_10_change_quantiles_f_agg_var_isabs_False_qh_1_0_ql_0_2_diff	5.271342017274527e-06	8.825277312824162e-06
MCS_10_change_quantiles_f_agg_var_isabs_True_qh_1_0_ql_0_2_whole	5.145623950889577e-06	1.3718404121351568e-05
MCS_8_svd_entropy_contribution_left	5.069139594270355e-06	4.254435109244938e-05
MCS_2_adf_pvalue_ratio	5.039435280121963e-06	6.497045593150558e-06
MCS_8_detrended_fluctuation_left	5.021284947106519e-06	7.520786321280691e-05
MCS_10_ratio_value_number_to_time_series_length_ratio_to_whole_right	4.924827699053224e-06	7.257747510115646e-05
MCS_1_stats_std_ratio	4.917909134782849e-06	5.5090397165308844e-06
MCS_10_agg_linear_trend_attr_rvalue_chunk_len_5_f_agg_max_left	4.913860249405878e-06	1.867080211420741e-05
MCS_10_change_quantiles_f_agg_var_isabs_False_qh_0_8_ql_0_0_ratio_to_whole_left	4.816627725098276e-06	4.508977844957277e-05
MCS_3_cumsum_max_whole	4.797338765243352e-06	1.129952474522269e-05
MCS_10_agg_linear_trend_attr_rvalue_chunk_len_5_f_agg_max_whole	4.783534603126638e-06	5.012850893728192e-05
MCS_1_stats_range_ratio	4.759381871979328e-06	1.6173263214233154e-05
MCS_2_adf_pvalue_ratio_to_whole_right	4.740823346423006e-06	1.4713586558422726e-05
MCS_1_stats_std_left	4.719754289101985e-06	1.8274998537314132e-05
MCS_10_change_quantiles_f_agg_mean_isabs_True_qh_1_0_ql_0_4_contribution_right	4.713382205771e-06	4.7106859076605225e-06
MCS_1_stats_kurt_contribution_left	4.645479871822067e-06	2.621246211867372e-05
MCS_10_agg_linear_trend_attr_rvalue_chunk_len_5_f_agg_mean_ratio_to_whole_left	4.600606148593701e-06	2.4214435501266674e-05
MCS_2_adf_icbest_whole	4.58720078729935e-06	1.931597179795561e-05
MCS_10_change_quantiles_f_agg_var_isabs_False_qh_1_0_ql_0_4_whole	4.567419418496366e-06	9.504624904415663e-06
MCS_10_agg_linear_trend_attr_intercept_chunk_len_10_f_agg_max_diff	4.546907644745747e-06	3.7759280189396074e-05
MCS_10_change_quantiles_f_agg_var_isabs_False_qh_0_6_ql_0_2_diff	4.507099621199329e-06	1.4188609051060248e-05
MCS_8_sample_entropy_contribution_right	4.4804684869215184e-06	7.501135052406989e-06
MCS_10_change_quantiles_f_agg_var_isabs_False_qh_0_8_ql_0_0_left	4.462336613908492e-06	3.5728604322905995e-05
MCS_10_change_quantiles_f_agg_var_isabs_False_qh_0_6_ql_0_4_contribution_right	4.454567875148418e-06	1.0119586842262653e-05
MCS_10_linear_trend_attr_rvalue_contribution_right	4.182262482348431e-06	1.0741684388468873e-05
MCS_6_iqr_contribution_right	4.155317336868025e-06	4.81534071648986e-06
MCS_8_approx_entropy_contribution_right	4.073562133412034e-06	2.4095887316522564e-05
MCS_10_first_location_of_maximum_ratio_to_whole_left	3.95499715863279e-06	2.614751537719009e-05
MCS_2_adf_stat_contribution_right	3.916754825982194e-06	8.830876725015935e-06
MCS_1_stats_kurt_contribution_right	3.8945126175349285e-06	1.3734297995786092e-05
MCS_11_param_2_contribution_left	3.7923962304886575e-06	5.728610879592975e-05
MCS_10_agg_linear_trend_attr_intercept_chunk_len_50_f_agg_mean_ratio	3.760112233036627e-06	2.8537867700761026e-05
MCS_8_detrended_fluctuation_contribution_right	3.7533769166975257e-06	1.3052103227622979e-05
MCS_1_stats_cv_contribution_right	3.7389233032503184e-06	1.7975064222729473e-05
MCS_10_change_quantiles_f_agg_var_isabs_True_qh_1_0_ql_0_2_ratio	3.702930578395324e-06	2.277712060608896e-05
MCS_8_hjorth_complexity_contribution_left	3.6805930275096713e-06	7.978402483534335e-06
MCS_10_agg_linear_trend_attr_rvalue_chunk_len_10_f_agg_max_contribution_left	3.6790662701602352e-06	5.2685406611368295e-05
MCS_10_ratio_beyond_r_sigma_1_5_contribution_right	3.6350085057290656e-06	6.242029521787752e-06
MCS_1_stats_std_right	3.5576959619954e-06	1.5209106939766996e-05
MCS_8_perm_entropy_contribution_left	3.5570292558817498e-06	2.165161396710474e-05
MCS_10_last_location_of_maximum_whole	3.4183057166936572e-06	0.00015964967950273575
MCS_4_diff_var_left	3.408500174649775e-06	9.552688956038923e-06
MCS_10_agg_linear_trend_attr_intercept_chunk_len_5_f_agg_max_contribution_right	3.3776877749802646e-06	2.214083337469436e-05
MCS_1_stats_max_ratio_to_whole_right	3.331111395200592e-06	7.904327629912364e-06
MCS_10_linear_trend_attr_rvalue_ratio_to_whole_left	3.198663127211843e-06	2.2241146585610213e-05
MCS_10_agg_linear_trend_attr_rvalue_chunk_len_50_f_agg_mean_left	3.1787984090958503e-06	2.9684158401635737e-05
MCS_12_rpt_cost_l2_left	3.157042157367895e-06	1.6139856214117404e-05
MCS_10_change_quantiles_f_agg_mean_isabs_True_qh_1_0_ql_0_4_ratio_to_whole_right	3.132628913771196e-06	2.1088862967459535e-05
MCS_10_ratio_beyond_r_sigma_1_5_ratio_to_whole_right	3.081314087945985e-06	3.639330801516922e-05
MCS_10_change_quantiles_f_agg_var_isabs_False_qh_0_8_ql_0_0_contribution_left	3.0601672516705755e-06	1.4368647642763752e-05
MCS_8_detrended_fluctuation_contribution_left	3.0480065594218343e-06	2.062854165007111e-05
MCS_4_autocorr_lag1_contribution_right	3.0026167495889047e-06	7.016770803850505e-06
MCS_11_param_0_right	2.9854971052967203e-06	5.972866097465399e-05
MCS_11_ar_bic_contribution_left	2.9624655403748256e-06	1.4709819213761578e-05
MCS_10_change_quantiles_f_agg_var_isabs_False_qh_1_0_ql_0_4_contribution_left	2.9559078869101364e-06	7.496297223528844e-06
MCS_12_rpt_cost_cosine_contribution_left	2.94026276519199e-06	5.424809188067337e-05
MCS_10_change_quantiles_f_agg_var_isabs_False_qh_1_0_ql_0_4_diff	2.9308408856165696e-06	4.5282692296346365e-06
MCS_11_ar_residuals_s1_pred_std	2.8643460244281992e-06	1.836886634248948e-05
MCS_10_change_quantiles_f_agg_var_isabs_True_qh_0_4_ql_0_2_whole	2.836808233297461e-06	6.023509603101407e-06
MCS_11_param_3_ratio_to_whole_left	2.8362304467988158e-06	5.379601789023402e-05
MCS_5_dominant_freq_left	2.776564583548691e-06	8.715524543691737e-05
MCS_10_agg_linear_trend_attr_intercept_chunk_len_5_f_agg_mean_diff	2.7528615211414033e-06	9.743038362281006e-06
MCS_12_rpt_cost_ar_ratio_to_whole_left	2.7416186998918676e-06	7.941616823480695e-06
MCS_12_rpt_cost_l2_whole	2.7031896360418806e-06	4.58128206853122e-06
MCS_10_percentage_of_reoccurring_datapoints_to_all_datapoints_right	2.65182369243333e-06	3.849240838461924e-05
MCS_10_change_quantiles_f_agg_var_isabs_True_qh_1_0_ql_0_2_contribution_left	2.607717323532821e-06	6.380580718832092e-06
MCS_10_change_quantiles_f_agg_var_isabs_True_qh_0_8_ql_0_2_right	2.5649233495106386e-06	2.2780578840786818e-05
MCS_8_svd_entropy_contribution_right	2.288460706946216e-06	5.392187546930034e-06
MCS_10_change_quantiles_f_agg_var_isabs_True_qh_0_8_ql_0_4_contribution_left	2.192998520994527e-06	2.0217978500024577e-05
MCS_10_ratio_beyond_r_sigma_6_contribution_right	2.099879874243315e-06	1.5553136567405667e-05
MCS_10_change_quantiles_f_agg_var_isabs_True_qh_0_6_ql_0_2_ratio	2.065257922594377e-06	2.8036461492576796e-05
MCS_8_hjorth_mobility_contribution_left	2.01048875294485e-06	4.909918377249937e-06
MCS_1_stats_range_ratio_to_whole_left	2.005314483128906e-06	2.9418836953099987e-05
MCS_11_ar_resid_std_ratio	1.9751748155316665e-06	6.215069031428661e-06
MCS_12_rpt_cost_l1_ratio_to_whole_right	1.9718795423484527e-06	1.9174640402908766e-05
MCS_10_agg_linear_trend_attr_slope_chunk_len_50_f_agg_mean_contribution_right	1.947036442128125e-06	3.9039595312790176e-05
MCS_11_param_1_ratio_to_whole_right	1.8264043432547631e-06	5.673058290789139e-05
MCS_10_ratio_value_number_to_time_series_length_contribution_right	1.8058383799846033e-06	4.495680520536518e-06
MCS_10_change_quantiles_f_agg_var_isabs_True_qh_1_0_ql_0_4_contribution_right	1.7933394403946146e-06	4.01002889545379e-06
MCS_1_stats_mean_of_rolling_std_contribution_left	1.782238449666851e-06	7.664061691927911e-06
MCS_10_fft_coefficient_attr_imag_coeff_3_ratio_to_whole_right	1.7296526169241496e-06	3.306303167757638e-05
MCS_11_param_0_ratio_to_whole_left	1.7244098716540097e-06	5.972750043162225e-05
MCS_8_spectral_entropy_left	1.7127791550664025e-06	2.7901097435669046e-05
MCS_1_stats_min_right	1.7073398459621625e-06	2.923253791383734e-05
MCS_10_last_location_of_maximum_contribution_right	1.6565923126454772e-06	1.9864882020040275e-05
MCS_6_iqr_contribution_left	1.6091124065587007e-06	2.7410853962269984e-05
MCS_2_shapiro_pvalue_contribution_right	1.6000265697035943e-06	2.7560278640150414e-06
MCS_10_change_quantiles_f_agg_var_isabs_False_qh_1_0_ql_0_4_ratio	1.5724429665975311e-06	6.451186776133728e-06
MCS_4_autocorr_lag1_contribution_left	1.3818788440533861e-06	1.1595477707803472e-05
MCS_10_agg_linear_trend_attr_intercept_chunk_len_50_f_agg_max_right	1.341060370211311e-06	7.317477606424398e-05
MCS_1_stats_max_whole	1.3274411903174691e-06	1.5493499465811008e-05
MCS_8_shannon_entropy_contribution_right	1.2495098247544689e-06	3.613575234962576e-06
MCS_12_rpt_cost_cosine_ratio_to_whole_left	1.2409611653274628e-06	0.00010320163981683247
MCS_4_diff_var_whole	1.1858961064736826e-06	8.81028426715843e-06
MCS_10_agg_linear_trend_attr_slope_chunk_len_50_f_agg_mean_diff	1.1336792387695037e-06	4.6654929830798455e-05
MCS_8_shannon_entropy_whole	1.131166458296921e-06	0.000137654215445173
MCS_2_kpss_pvalue_diff	1.1062798829941657e-06	1.9218840795623264e-05
MCS_10_ratio_value_number_to_time_series_length_whole	1.0297930425040568e-06	2.0165221276324487e-05
MCS_4_autocorr_lag1_whole	1.0138000907067286e-06	6.349362112836127e-05
MCS_10_change_quantiles_f_agg_var_isabs_False_qh_0_8_ql_0_0_contribution_right	9.93171486848299e-07	4.906393821691371e-06
MCS_1_stats_mean_of_rolling_std_whole	9.40728822116376e-07	4.277719359806866e-05
MCS_10_agg_linear_trend_attr_slope_chunk_len_10_f_agg_mean_ratio_to_whole_right	9.385465139932768e-07	1.5412705165594053e-05
MCS_11_param_4_contribution_right	8.95330943370134e-07	4.57828577067165e-05
MCS_1_stats_mean_of_rolling_std_contribution_right	8.83604178913977e-07	4.864841491226848e-06
MCS_8_higuchi_fd_contribution_right	7.755108937879118e-07	4.5197305949121265e-06
MCS_1_stats_std_whole	7.643593290462824e-07	3.6539215026024028e-06
MCS_10_change_quantiles_f_agg_var_isabs_False_qh_1_0_ql_0_4_contribution_right	7.636883900696833e-07	3.074502786642679e-06
MCS_10_agg_linear_trend_attr_slope_chunk_len_10_f_agg_mean_diff	7.268565137907844e-07	1.9043554174200917e-05
MCS_8_katz_fd_contribution_right	6.910281359084891e-07	4.606928300688708e-06
MCS_10_percentage_of_reoccurring_datapoints_to_all_datapoints_diff	6.531454060176844e-07	4.860140545614211e-05
MCS_3_cumsum_max_contribution_right	6.276246059599981e-07	2.033575206804136e-05
MCS_10_change_quantiles_f_agg_var_isabs_True_qh_1_0_ql_0_2_contribution_right	6.052159046632256e-07	5.755143233242535e-06
MCS_10_change_quantiles_f_agg_var_isabs_False_qh_0_8_ql_0_0_ratio	5.017245115568332e-07	2.0778448970631594e-05
MCS_10_change_quantiles_f_agg_var_isabs_False_qh_0_4_ql_0_2_contribution_right	4.5636671279436575e-07	2.1639071913039963e-05
MCS_2_kpss_pvalue_left	4.491997027056271e-07	1.721197758063218e-05
MCS_12_rpt_cost_mahalanobis_ratio	4.239809942108153e-07	3.3862880851960267e-06
MCS_10_agg_linear_trend_attr_rvalue_chunk_len_10_f_agg_max_left	3.900100224218939e-07	5.1077295926104204e-05
MCS_8_shannon_entropy_ratio	3.270467842453323e-07	6.456909442142155e-05
MCS_11_param_0_left	3.2579360540796517e-07	3.61852893700318e-05
MCS_2_adf_pvalue_contribution_right	3.142153881285914e-07	3.7526183224304414e-06
MCS_2_kpss_pvalue_ratio	2.387075747978254e-07	1.794800841342528e-05
MCS_10_change_quantiles_f_agg_var_isabs_True_qh_0_6_ql_0_2_contribution_right	1.334851443524077e-07	1.102254920615945e-06
MCS_10_change_quantiles_f_agg_var_isabs_False_qh_1_0_ql_0_4_ratio_to_whole_right	1.2293890917614056e-07	1.064451801930266e-05
MCS_12_rpt_cost_rank_whole	0.0	0.0
MCS_2_jb_pvalue_right	0.0	0.0
MCS_2_shapiro_pvalue_contribution_left	0.0	0.0
MCS_2_jb_pvalue_ratio_to_whole_right	0.0	0.0
MCS_2_jb_pvalue_ratio_to_whole_left	0.0	0.0
MCS_2_jb_pvalue_contribution_right	0.0	0.0
MCS_2_shapiro_pvalue_left	0.0	0.0
MCS_2_jb_pvalue_diff	0.0	0.0
MCS_2_jb_pvalue_ratio	0.0	0.0
MCS_2_shapiro_pvalue_whole	0.0	0.0
MCS_2_jb_pvalue_whole	0.0	0.0
MCS_2_shapiro_pvalue_ratio_to_whole_left	0.0	0.0
MCS_2_jb_pvalue_left	0.0	0.0
MCS_2_jb_pvalue_contribution_left	0.0	0.0
MCS_8_svd_entropy_diff	-3.1236362263434226e-09	3.567703117380529e-05
MCS_12_rpt_cost_l1_contribution_right	-6.058579190559865e-08	3.310391259118084e-06
MCS_10_agg_linear_trend_attr_intercept_chunk_len_5_f_agg_mean_right	-1.0119275459463685e-07	9.630377047922247e-06
MCS_10_agg_linear_trend_attr_slope_chunk_len_5_f_agg_mean_ratio_to_whole_left	-1.466547289374902e-07	9.96152049916008e-06
MCS_10_agg_linear_trend_attr_intercept_chunk_len_10_f_agg_max_contribution_left	-1.5005223764630314e-07	1.480546015522508e-05
MCS_11_param_1_ratio_to_whole_left	-2.038950264282596e-07	3.923481536665832e-05
MCS_10_change_quantiles_f_agg_var_isabs_False_qh_1_0_ql_0_2_contribution_right	-2.0599169247126346e-07	4.606114271659767e-07
MCS_10_agg_linear_trend_attr_rvalue_chunk_len_50_f_agg_mean_whole	-2.0907020750193734e-07	1.9436557998049776e-05
MCS_10_agg_linear_trend_attr_rvalue_chunk_len_50_f_agg_mean_ratio_to_whole_left	-2.098397370586813e-07	8.280258065861884e-05
MCS_10_change_quantiles_f_agg_var_isabs_True_qh_0_8_ql_0_4_diff	-2.5291825388795695e-07	1.62885293260281e-05
MCS_12_rpt_cost_ar_contribution_right	-2.539992078975927e-07	1.894943742653277e-06
MCS_10_ar_coefficient_coeff_2_k_10_contribution_right	-3.285677360476133e-07	8.880395488533634e-06
MCS_10_ratio_value_number_to_time_series_length_left	-3.5428467368037337e-07	4.827635853611508e-05
MCS_10_agg_linear_trend_attr_slope_chunk_len_10_f_agg_mean_right	-4.5967353813236537e-07	1.872720267536944e-05
MCS_10_agg_linear_trend_attr_intercept_chunk_len_50_f_agg_max_left	-5.436175753559256e-07	8.588320207119686e-06
MCS_1_stats_std_contribution_right	-7.022999111161443e-07	1.570390341847759e-06
MCS_10_ratio_beyond_r_sigma_6_ratio	-7.077653081899433e-07	3.066940177697196e-05
MCS_10_fft_coefficient_attr_imag_coeff_2_ratio_to_whole_right	-7.10505781711387e-07	5.87124354437351e-05
MCS_8_spectral_entropy_contribution_right	-7.271319735269177e-07	2.0562594049972663e-06
MCS_2_kpss_stat_contribution_left	-7.365345993914924e-07	2.081563965432134e-05
MCS_10_quantile_0_6_ratio_to_whole_right	-7.724697690292268e-07	3.569637599201542e-05
MCS_11_ar_bic_ratio	-7.954900168893891e-07	2.4135664020176353e-05
MCS_10_change_quantiles_f_agg_var_isabs_False_qh_0_6_ql_0_2_left	-8.678625242108946e-07	1.5876876847781428e-05
MCS_10_quantile_0_4_ratio_to_whole_left	-9.185398183597654e-07	2.0644834147305205e-05
MCS_1_stats_min_contribution_right	-9.3141820225906e-07	1.0101676237280898e-05
MCS_2_kpss_pvalue_contribution_right	-9.324917634523366e-07	1.6254416453303506e-06
MCS_5_max_power_contribution_right	-9.335993786518949e-07	3.700722986518047e-06
MCS_11_param_2_contribution_right	-9.474596115677244e-07	2.6322405998901836e-05
MCS_10_change_quantiles_f_agg_var_isabs_True_qh_1_0_ql_0_4_contribution_left	-1.1384248277424014e-06	6.5985020579260075e-06
MCS_2_adf_stat_ratio	-1.14215615985902e-06	1.618393598396327e-05
MCS_10_linear_trend_attr_slope_ratio_to_whole_left	-1.249092240516169e-06	2.6612997339118066e-05
MCS_10_last_location_of_maximum_diff	-1.2570151997171042e-06	3.7167386352165536e-05
MCS_12_rpt_cost_rbf_contribution_right	-1.342948229392515e-06	1.1293434491035902e-05
MCS_5_max_power_right	-1.478206093031843e-06	4.839681487609792e-05
MCS_8_petrosian_fd_contribution_right	-1.5493256566967429e-06	4.2447016826534454e-06
MCS_1_stats_cv_ratio_to_whole_left	-1.5733938186424104e-06	4.46211905074378e-05
MCS_1_stats_kurt_right	-1.5979848868341583e-06	2.9245784969894873e-05
MCS_10_ratio_beyond_r_sigma_6_diff	-1.6115494068802415e-06	3.920586122463438e-05
MCS_8_shannon_entropy_contribution_left	-1.6328525947006956e-06	2.3504530638839662e-05
MCS_10_change_quantiles_f_agg_var_isabs_False_qh_1_0_ql_0_2_contribution_left	-1.7086239628971707e-06	9.362943274866639e-06
MCS_10_change_quantiles_f_agg_var_isabs_True_qh_0_8_ql_0_6_left	-1.7208328922035939e-06	2.0183971167825246e-05
MCS_10_first_location_of_maximum_contribution_right	-1.7334224269316412e-06	1.4777472609865869e-06
MCS_10_agg_linear_trend_attr_slope_chunk_len_5_f_agg_mean_diff	-1.7534381614403572e-06	9.651239865287019e-06
MCS_2_shapiro_pvalue_ratio_to_whole_right	-1.7566293178294945e-06	2.737651843772018e-06
MCS_12_rpt_cost_rank_ratio_to_whole_left	-1.779033859720113e-06	2.530941397638845e-05
MCS_12_rpt_cost_ar_contribution_left	-1.8050651319323486e-06	7.157232308865077e-06
MCS_10_ratio_value_number_to_time_series_length_contribution_left	-1.809231832134994e-06	8.671598217157636e-06
MCS_10_agg_linear_trend_attr_intercept_chunk_len_50_f_agg_max_contribution_left	-1.8865522096356277e-06	2.85032152767369e-05
MCS_10_change_quantiles_f_agg_var_isabs_True_qh_1_0_ql_0_2_diff	-1.9282062487135933e-06	1.444121623055041e-05
MCS_10_linear_trend_attr_intercept_ratio_to_whole_right	-1.9742987440574127e-06	2.861805567305385e-05
MCS_10_agg_linear_trend_attr_intercept_chunk_len_5_f_agg_mean_contribution_right	-2.0221983654433724e-06	1.968442406481167e-05
MCS_1_stats_mean_left	-2.0516031894912677e-06	2.5010941851684968e-05
MCS_12_rpt_cost_clinear_diff	-2.0713539581906915e-06	1.108885750150571e-05
MCS_1_stats_skew_right	-2.2240332049949795e-06	2.6066411658150667e-05
MCS_10_change_quantiles_f_agg_var_isabs_True_qh_0_6_ql_0_2_contribution_left	-2.245776449437687e-06	2.4498985830866787e-05
MCS_5_dominant_freq_contribution_right	-2.3990726514799835e-06	2.2117702288305684e-05
MCS_10_agg_linear_trend_attr_rvalue_chunk_len_50_f_agg_mean_right	-2.4225819131706825e-06	5.971153273465132e-05
MCS_8_cond_entropy_whole	-2.444709437382508e-06	4.094036733467358e-05
MCS_10_partial_autocorrelation_lag_2_contribution_left	-2.54775721708178e-06	2.4900109069666278e-05
MCS_10_change_quantiles_f_agg_mean_isabs_True_qh_1_0_ql_0_4_diff	-2.5929521532985782e-06	1.1036195284054765e-05
MCS_10_linear_trend_attr_slope_diff	-2.716418377889385e-06	2.1026203507180385e-05
MCS_8_hjorth_mobility_contribution_right	-2.716944635100526e-06	9.092342599802557e-06
MCS_12_rpt_cost_cosine_ratio	-2.725247846983026e-06	8.618170726448833e-06
MCS_10_linear_trend_attr_slope_contribution_left	-2.743058448232416e-06	2.1302070786233812e-05
MCS_3_cumsum_max_ratio_to_whole_left	-2.7724742218693265e-06	5.0029682971461244e-05
MCS_10_quantile_0_6_ratio_to_whole_left	-2.829143802350887e-06	6.0800324867039195e-05
MCS_10_change_quantiles_f_agg_mean_isabs_True_qh_1_0_ql_0_4_right	-2.849856328682731e-06	3.420869003643456e-05
MCS_10_ratio_value_number_to_time_series_length_right	-2.877724959607919e-06	3.72213984585742e-05
MCS_2_shapiro_pvalue_ratio	-2.9219360626064884e-06	2.0398517469225225e-05
MCS_5_max_power_whole	-2.9822449837968444e-06	3.4292718860048354e-05
MCS_10_agg_linear_trend_attr_slope_chunk_len_5_f_agg_mean_contribution_right	-3.1159858786078416e-06	2.7780459116935938e-05
MCS_1_stats_mean_of_rolling_std_ratio	-3.1190952730342227e-06	2.782683274940348e-05
MCS_2_adf_stat_diff	-3.264810555114739e-06	2.4435139921261845e-05
MCS_2_kpss_stat_contribution_right	-3.2691048145749855e-06	1.1803028858918758e-05
MCS_10_agg_linear_trend_attr_intercept_chunk_len_10_f_agg_max_contribution_right	-3.269441327597988e-06	1.228585309475707e-05
MCS_4_diff_var_diff	-3.2973764057453448e-06	8.983478560104407e-06
MCS_10_percentage_of_reoccurring_values_to_all_values_diff	-3.386413715124049e-06	0.00010948573985632598
MCS_10_change_quantiles_f_agg_var_isabs_False_qh_0_8_ql_0_4_right	-3.3946809623042204e-06	1.6495763759630278e-05
MCS_10_change_quantiles_f_agg_var_isabs_True_qh_1_0_ql_0_4_ratio	-3.3992484475464647e-06	1.6913820273894086e-05
MCS_2_shapiro_pvalue_diff	-3.4425416942107667e-06	1.4305104882309932e-05
MCS_1_stats_max_contribution_right	-3.4629821411980008e-06	9.710982611129552e-06
MCS_4_diff_var_ratio	-3.523505968618946e-06	1.6785834300392002e-05
MCS_11_param_5_whole	-3.5451076030401624e-06	4.955365845038739e-05
MCS_8_perm_entropy_contribution_right	-3.603048881160032e-06	1.1314987062016678e-05
MCS_10_agg_linear_trend_attr_slope_chunk_len_50_f_agg_mean_ratio_to_whole_right	-3.6259741099231576e-06	3.1017285872553085e-05
MCS_10_change_quantiles_f_agg_var_isabs_True_qh_0_8_ql_0_6_diff	-3.719926014423836e-06	4.143105454433305e-05
MCS_12_rpt_cost_cosine_diff	-3.8022186304642603e-06	7.4904880776829825e-06
MCS_8_hjorth_complexity_contribution_right	-3.853743100886709e-06	1.0651712482218628e-05
MCS_8_svd_entropy_right	-3.955925611779376e-06	6.141548488020164e-05
MCS_10_change_quantiles_f_agg_var_isabs_False_qh_0_8_ql_0_4_ratio_to_whole_left	-3.9669700614275424e-06	3.294128844396256e-05
MCS_8_petrosian_fd_diff	-3.980952533120252e-06	3.812587040782058e-05
MCS_2_adf_stat_contribution_left	-4.0213640049135975e-06	8.536187821138614e-06
MCS_10_change_quantiles_f_agg_var_isabs_True_qh_0_6_ql_0_4_diff	-4.051770813532362e-06	4.411907398423518e-05
MCS_10_change_quantiles_f_agg_var_isabs_False_qh_0_8_ql_0_0_whole	-4.211104143804212e-06	2.3288067889311368e-05
MCS_10_change_quantiles_f_agg_mean_isabs_True_qh_0_6_ql_0_4_contribution_right	-4.300515283031103e-06	6.289131968204217e-06
MCS_4_diff_var_right	-4.335004354973915e-06	9.93398579932754e-06
MCS_10_change_quantiles_f_agg_var_isabs_False_qh_0_4_ql_0_2_whole	-4.4219600044281814e-06	5.779815202357732e-05
MCS_10_change_quantiles_f_agg_var_isabs_False_qh_0_6_ql_0_2_right	-4.42607442577736e-06	3.592357889139459e-05
MCS_8_hjorth_complexity_ratio	-4.495757724323202e-06	1.4324121375270757e-05
MCS_2_kpss_pvalue_contribution_left	-4.604330631613474e-06	1.00178973409954e-05
MCS_1_stats_range_left	-4.670883577158058e-06	2.5189352837426264e-05
MCS_10_first_location_of_maximum_whole	-4.83711460130154e-06	3.036083374457149e-05
MCS_8_approx_entropy_contribution_left	-4.846562701146251e-06	1.961486796111277e-05
MCS_8_detrended_fluctuation_ratio	-4.868407769574867e-06	5.153069110558204e-05
MCS_1_stats_range_right	-4.959519639969878e-06	1.639789351513571e-05
MCS_8_hjorth_complexity_diff	-5.021538434123451e-06	1.7591601712605206e-05
MCS_12_rpt_cost_ar_whole	-5.086926547259729e-06	6.67029768936332e-06
MCS_8_cond_entropy_diff	-5.186409678755721e-06	2.1896093487074346e-05
MCS_10_agg_linear_trend_attr_intercept_chunk_len_10_f_agg_max_left	-5.226596029578312e-06	1.360559315212489e-05
MCS_8_hjorth_complexity_ratio_to_whole_right	-5.455512627519088e-06	1.5293788843279998e-05
MCS_10_change_quantiles_f_agg_var_isabs_True_qh_0_4_ql_0_2_diff	-5.485277157164514e-06	2.7347458673456442e-05
MCS_11_param_5_ratio_to_whole_right	-5.621658906099781e-06	2.8087498394327592e-05
MCS_5_max_power_contribution_left	-5.665192750186066e-06	1.6930434234199436e-05
MCS_5_max_power_ratio_to_whole_right	-5.750499388845752e-06	1.928981506327531e-05
MCS_11_param_3_whole	-5.810229465299523e-06	5.8138234014522554e-05
MCS_10_agg_linear_trend_attr_intercept_chunk_len_5_f_agg_mean_contribution_left	-5.886563863733983e-06	1.2694732247408664e-05
MCS_2_kpss_pvalue_ratio_to_whole_right	-5.983744270853241e-06	4.949641419754182e-05
MCS_10_fft_coefficient_attr_imag_coeff_2_ratio_to_whole_left	-6.07239231801171e-06	6.149691646193218e-05
MCS_12_rpt_cost_mahalanobis_left	-6.097095072179485e-06	6.315240609934009e-05
MCS_10_agg_linear_trend_attr_intercept_chunk_len_5_f_agg_max_ratio_to_whole_right	-6.0991466170023935e-06	2.7804787853545888e-05
MCS_10_agg_linear_trend_attr_intercept_chunk_len_50_f_agg_mean_contribution_left	-6.128568828148716e-06	2.016019396454065e-05
MCS_12_rpt_cost_l1_contribution_left	-6.226699425972981e-06	9.01344471421186e-06
MCS_10_change_quantiles_f_agg_var_isabs_True_qh_0_6_ql_0_2_diff	-6.271927798897625e-06	1.8997387446907268e-05
MCS_12_rpt_cost_normal_contribution_left	-6.406391206100759e-06	4.69055554192513e-05
MCS_12_rpt_cost_mahalanobis_diff	-6.423409320366336e-06	1.2346909900510438e-05
MCS_8_higuchi_fd_ratio_to_whole_left	-6.656617826165113e-06	2.5890552214957634e-05
MCS_8_spectral_entropy_diff	-6.873662742664654e-06	3.848149092488498e-05
MCS_10_ratio_beyond_r_sigma_6_ratio_to_whole_right	-7.028475987006509e-06	3.4264530618708195e-05
MCS_12_rpt_cost_rbf_contribution_left	-7.073853039429867e-06	1.2356678864171857e-05
MCS_10_agg_linear_trend_attr_intercept_chunk_len_5_f_agg_max_whole	-7.3277674283223074e-06	3.3834369226359185e-05
MCS_10_ratio_beyond_r_sigma_1_5_diff	-7.355407307999548e-06	5.784574832197329e-05
MCS_10_linear_trend_attr_slope_left	-7.430039094000748e-06	7.771028409182514e-05
MCS_10_change_quantiles_f_agg_var_isabs_True_qh_0_8_ql_0_2_left	-7.469475536401317e-06	7.508273270102279e-05
MCS_10_change_quantiles_f_agg_var_isabs_False_qh_1_0_ql_0_2_whole	-7.471769471713019e-06	1.3789454597475865e-05
MCS_10_agg_linear_trend_attr_rvalue_chunk_len_10_f_agg_max_whole	-7.699029768886146e-06	1.4736734253648314e-05
MCS_2_adf_icbest_left	-7.756440703871049e-06	8.011986129981245e-06
MCS_2_levene_pvalue	-7.832776439804512e-06	4.006888431804815e-05
MCS_10_last_location_of_maximum_left	-7.89672805270314e-06	7.863963086205452e-05
MCS_8_lziv_complexity_diff	-7.97294739943277e-06	8.42603965694187e-05
MCS_10_linear_trend_attr_rvalue_ratio_to_whole_right	-8.07012327973089e-06	1.7870474351394623e-05
MCS_8_petrosian_fd_ratio	-8.093655778131925e-06	1.4195731683964809e-05
MCS_10_change_quantiles_f_agg_mean_isabs_True_qh_0_6_ql_0_4_diff	-8.095290179654935e-06	9.324152763142694e-06
MCS_10_change_quantiles_f_agg_var_isabs_False_qh_0_8_ql_0_2_diff	-8.097388109646886e-06	1.900897414587028e-05
MCS_12_rpt_cost_l2_ratio	-8.200677603760197e-06	8.591101182863437e-06
MCS_10_percentage_of_reoccurring_values_to_all_values_ratio	-8.396595114055214e-06	8.223523347079615e-05
MCS_10_quantile_0_4_ratio_to_whole_right	-8.469845412404365e-06	7.664071230826243e-05
MCS_1_stats_min_left	-8.598000449772103e-06	1.6759215699596517e-05
MCS_10_linear_trend_attr_rvalue_contribution_left	-8.630405907028572e-06	9.352755922186874e-06
MCS_10_change_quantiles_f_agg_var_isabs_False_qh_1_0_ql_0_2_ratio_to_whole_right	-8.807245909786543e-06	1.2349045907367985e-05
MCS_12_rpt_cost_clinear_whole	-8.809140809082906e-06	1.1867593137994991e-05
MCS_10_agg_linear_trend_attr_intercept_chunk_len_50_f_agg_max_contribution_right	-9.065463273745245e-06	1.408499541438283e-05
MCS_11_ar_bic_contribution_right	-9.475233735798394e-06	1.3530959657085698e-05
MCS_10_agg_linear_trend_attr_rvalue_chunk_len_50_f_agg_max_contribution_left	-9.586778307607571e-06	6.777480219527781e-05
MCS_10_agg_linear_trend_attr_slope_chunk_len_10_f_agg_mean_ratio_to_whole_left	-9.67372887173079e-06	1.3458453339972421e-05
MCS_8_katz_fd_ratio	-9.701829355084345e-06	1.9959569815521946e-05
MCS_11_param_1_ratio	-1.0012566971671079e-05	4.6894935926806015e-05
MCS_10_ratio_beyond_r_sigma_1_5_whole	-1.0094090601957538e-05	5.852854501006893e-05
MCS_1_stats_cv_left	-1.0123417117935408e-05	4.501422105283064e-05
MCS_10_change_quantiles_f_agg_mean_isabs_True_qh_0_6_ql_0_4_ratio	-1.015609309662935e-05	7.409453837879819e-06
MCS_11_param_4_contribution_left	-1.0474167390812638e-05	6.199654094874331e-05
MCS_10_agg_linear_trend_attr_rvalue_chunk_len_5_f_agg_mean_right	-1.0519226978119577e-05	2.6147839532272323e-05
MCS_11_ar_bic_ratio_to_whole_right	-1.0523137516327273e-05	5.992429553297303e-05
MCS_12_rpt_cost_rank_ratio	-1.057608167307822e-05	3.966468177410862e-05
MCS_10_linear_trend_attr_slope_contribution_right	-1.0645369565879248e-05	2.098010563064169e-05
MCS_8_katz_fd_ratio_to_whole_right	-1.0736616858677548e-05	7.888803364250167e-05
MCS_11_param_4_ratio_to_whole_left	-1.0866999340019e-05	0.00010819472263782149
MCS_10_change_quantiles_f_agg_var_isabs_True_qh_0_4_ql_0_2_ratio_to_whole_right	-1.1193004868071955e-05	0.000183518106670883
MCS_10_agg_linear_trend_attr_slope_chunk_len_10_f_agg_mean_contribution_left	-1.1249466391324292e-05	1.9108172525742184e-05
MCS_12_rpt_cost_rbf_ratio	-1.1352856812888447e-05	2.0607678025982067e-05
MCS_10_quantile_0_1_ratio	-1.1358885269631137e-05	3.940774950459553e-05
MCS_2_adf_stat_ratio_to_whole_left	-1.1364822366983772e-05	2.555249482295073e-05
MCS_10_change_quantiles_f_agg_var_isabs_True_qh_0_8_ql_0_2_ratio_to_whole_left	-1.1377334210919132e-05	5.39466225196351e-05
MCS_10_agg_linear_trend_attr_intercept_chunk_len_50_f_agg_mean_whole	-1.1417287533541653e-05	3.529026965961614e-05
MCS_10_change_quantiles_f_agg_var_isabs_False_qh_0_4_ql_0_2_diff	-1.151643133010527e-05	3.1810878276235276e-05
MCS_10_change_quantiles_f_agg_var_isabs_True_qh_1_0_ql_0_2_ratio_to_whole_left	-1.1908929514719003e-05	3.018208444168365e-05
MCS_10_fft_coefficient_attr_imag_coeff_1_diff	-1.2170453615890642e-05	5.39437520405908e-05
MCS_10_fft_coefficient_attr_imag_coeff_3_left	-1.2326292375435254e-05	2.224405392233671e-05
MCS_10_last_location_of_maximum_right	-1.2670450132465924e-05	4.458953530292994e-05
MCS_10_percentage_of_reoccurring_values_to_all_values_contribution_right	-1.2681709444255505e-05	2.9637298437471036e-05
MCS_1_stats_mean_of_rolling_std_diff	-1.2815956695931826e-05	8.719646878636666e-05
MCS_1_stats_theil_sen_slope_ratio_to_whole_left	-1.2822685089755039e-05	8.740038412047838e-05
MCS_10_agg_linear_trend_attr_rvalue_chunk_len_50_f_agg_max_diff	-1.3199255461725511e-05	5.1438801214685016e-05
MCS_8_higuchi_fd_contribution_left	-1.3316561569741701e-05	4.5827220196646595e-05
MCS_10_ratio_beyond_r_sigma_6_contribution_left	-1.3639840822043944e-05	1.816382855565798e-05
MCS_12_rpt_cost_rbf_ratio_to_whole_right	-1.3821782915406366e-05	1.9685727585819466e-05
MCS_8_katz_fd_contribution_left	-1.384492866486564e-05	2.1579287308314175e-05
MCS_3_cumsum_max_ratio_to_whole_right	-1.4038004891789854e-05	8.623341851223737e-05
MCS_10_change_quantiles_f_agg_var_isabs_False_qh_0_8_ql_0_0_ratio_to_whole_right	-1.4123553891529637e-05	3.165159823543915e-05
MCS_10_agg_linear_trend_attr_intercept_chunk_len_10_f_agg_max_whole	-1.4210943659831443e-05	2.70701712327774e-05
MCS_2_adf_pvalue_contribution_left	-1.4259911463173623e-05	4.642391666778492e-05
MCS_2_adf_stat_right	-1.4517088232308682e-05	3.600098526558788e-05
MCS_10_linear_trend_attr_intercept_contribution_left	-1.4526599972153332e-05	5.102665308473921e-05
MCS_10_fft_coefficient_attr_imag_coeff_1_right	-1.4542001659864079e-05	1.367585785240319e-05
MCS_10_agg_linear_trend_attr_rvalue_chunk_len_10_f_agg_mean_ratio_to_whole_left	-1.4789325164342724e-05	2.0627449345212075e-05
MCS_10_agg_linear_trend_attr_intercept_chunk_len_50_f_agg_mean_right	-1.5044630212084352e-05	4.3807831468979614e-05
MCS_5_max_power_ratio	-1.551061844002555e-05	2.115710174410428e-05
MCS_1_stats_range_whole	-1.6225740091025954e-05	2.2713478385340616e-05
MCS_8_hjorth_mobility_ratio	-1.632875349336871e-05	1.982673436727818e-05
MCS_5_max_power_left	-1.7042357910962424e-05	2.7777807325269115e-05
MCS_10_ratio_beyond_r_sigma_6_left	-1.730359400072046e-05	4.796143730729837e-05
MCS_10_linear_trend_attr_intercept_right	-1.7519136998581654e-05	7.056372883216851e-05
MCS_10_partial_autocorrelation_lag_2_contribution_right	-1.7639882826414598e-05	3.7346626976586464e-05
MCS_10_agg_linear_trend_attr_rvalue_chunk_len_50_f_agg_mean_contribution_right	-1.765328555682011e-05	4.315250096305183e-05
MCS_10_change_quantiles_f_agg_var_isabs_False_qh_0_6_ql_0_4_diff	-1.8124593191995996e-05	3.4417252642923034e-05
MCS_10_agg_linear_trend_attr_rvalue_chunk_len_5_f_agg_mean_diff	-1.828521109484393e-05	1.552121317848644e-05
MCS_10_first_location_of_maximum_ratio	-1.846882371612679e-05	3.126585030233747e-05
MCS_10_change_quantiles_f_agg_var_isabs_False_qh_0_8_ql_0_2_ratio_to_whole_left	-1.854213155504936e-05	4.068293388130617e-05
MCS_10_change_quantiles_f_agg_var_isabs_False_qh_0_8_ql_0_0_diff	-1.867984787735866e-05	4.6439619013912943e-05
MCS_10_agg_linear_trend_attr_rvalue_chunk_len_50_f_agg_mean_contribution_left	-1.874466293656285e-05	0.00011635512880944387
MCS_10_agg_linear_trend_attr_rvalue_chunk_len_10_f_agg_mean_right	-1.882826030484064e-05	3.758096754391707e-05
MCS_10_change_quantiles_f_agg_var_isabs_True_qh_0_6_ql_0_2_whole	-1.8866022280423775e-05	9.69912300341154e-05
MCS_10_agg_linear_trend_attr_rvalue_chunk_len_10_f_agg_max_diff	-1.8886921288091553e-05	9.170703266415276e-05
MCS_5_dominant_freq_ratio	-1.889601939735086e-05	5.691352222680643e-05
MCS_12_rpt_cost_normal_contribution_right	-1.902081851980042e-05	5.529450979084967e-05
MCS_11_param_2_ratio	-1.9066295353272753e-05	2.4537702940941148e-05
MCS_10_agg_linear_trend_attr_slope_chunk_len_50_f_agg_mean_ratio	-1.9577345299645054e-05	5.6068647669525784e-05
MCS_10_agg_linear_trend_attr_slope_chunk_len_5_f_agg_mean_right	-2.0121710079166188e-05	2.2658342949838286e-05
MCS_8_cond_entropy_ratio	-2.027382407638112e-05	3.664948747161034e-05
MCS_12_rpt_cost_clinear_ratio_to_whole_right	-2.0280616242478456e-05	6.641185067751831e-05
MCS_10_change_quantiles_f_agg_var_isabs_False_qh_0_6_ql_0_4_left	-2.088211017734154e-05	2.3209530825990674e-05
MCS_10_change_quantiles_f_agg_var_isabs_False_qh_0_6_ql_0_2_ratio_to_whole_right	-2.1117304780153834e-05	1.1658624488719802e-05
MCS_10_change_quantiles_f_agg_mean_isabs_True_qh_1_0_ql_0_4_ratio_to_whole_left	-2.153527082456419e-05	0.00012624903312736513
MCS_8_spectral_entropy_ratio	-2.2539405895628532e-05	3.6468566974821574e-05
MCS_10_first_location_of_maximum_left	-2.256886465933694e-05	4.9885901042857474e-05
MCS_1_stats_max_ratio	-2.2605806178673807e-05	5.277309493338113e-05
MCS_11_param_1_right	-2.2677822522456646e-05	6.198417762991105e-05
MCS_10_agg_linear_trend_attr_slope_chunk_len_10_f_agg_mean_contribution_right	-2.2843747957017602e-05	2.132389848839102e-05
MCS_2_kpss_stat_ratio	-2.3353934324791267e-05	5.8199539967995626e-05
MCS_12_rpt_cost_l1_right	-2.388871353916078e-05	5.1236102810802706e-05
MCS_12_rpt_cost_clinear_right	-2.4062373423314742e-05	2.5165063003095556e-05
MCS_10_quantile_0_1_ratio_to_whole_left	-2.430411342193128e-05	3.756216164591271e-05
MCS_10_change_quantiles_f_agg_var_isabs_True_qh_0_8_ql_0_4_left	-2.451026315618554e-05	3.1294493568192084e-05
MCS_10_agg_linear_trend_attr_rvalue_chunk_len_10_f_agg_mean_diff	-2.476315042783561e-05	7.54210300940231e-05
MCS_10_agg_linear_trend_attr_rvalue_chunk_len_10_f_agg_max_ratio_to_whole_left	-2.5300540557594565e-05	4.324802728534228e-05
MCS_10_agg_linear_trend_attr_rvalue_chunk_len_50_f_agg_mean_ratio_to_whole_right	-2.5478746542212383e-05	4.6727435697292835e-05
MCS_10_linear_trend_attr_intercept_ratio	-2.5791431542728785e-05	5.694384080867537e-05
MCS_6_iqr_ratio_to_whole_right	-2.5986137453291033e-05	8.947886596595308e-05
MCS_10_linear_trend_attr_rvalue_whole	-2.616238510436242e-05	3.6586022835407656e-05
MCS_11_param_5_left	-2.652160962342998e-05	9.28176710498183e-05
MCS_8_shannon_entropy_diff	-2.655403553955771e-05	5.005895726263424e-05
MCS_10_agg_linear_trend_attr_rvalue_chunk_len_50_f_agg_mean_diff	-2.6637673943118444e-05	2.7685358963173964e-05
MCS_5_dominant_freq_contribution_left	-2.6806790445899063e-05	5.325641383404325e-05
MCS_10_agg_linear_trend_attr_intercept_chunk_len_50_f_agg_max_ratio_to_whole_right	-2.7513960360046057e-05	9.646071338795997e-05
MCS_10_linear_trend_attr_slope_ratio_to_whole_right	-2.852622303774033e-05	5.383866929951047e-05
MCS_10_agg_linear_trend_attr_rvalue_chunk_len_10_f_agg_mean_ratio	-2.902112146141666e-05	1.9824925081225766e-05
MCS_10_change_quantiles_f_agg_mean_isabs_True_qh_0_6_ql_0_4_ratio_to_whole_right	-2.954951595262934e-05	9.730133301626834e-05
MCS_10_ratio_beyond_r_sigma_6_whole	-2.992603724977006e-05	6.0497608049775054e-05
MCS_8_hjorth_mobility_ratio_to_whole_right	-3.0275662005923025e-05	4.325257958610838e-05
MCS_8_approx_entropy_ratio_to_whole_right	-3.067285051711943e-05	6.189931458832705e-05
MCS_5_dominant_freq_diff	-3.093366143878562e-05	5.992157274850379e-05
MCS_6_iqr_right	-3.113056807335646e-05	0.00010571195388824176
MCS_4_autocorr_lag1_right	-3.1508336846733934e-05	3.953994892193625e-05
MCS_8_hjorth_mobility_ratio_to_whole_left	-3.155974604495349e-05	3.652891255804073e-05
MCS_4_autocorr_lag1_diff	-3.1662168212636124e-05	3.9270805626350734e-05
MCS_10_agg_linear_trend_attr_slope_chunk_len_10_f_agg_mean_ratio	-3.2391919493838236e-05	9.021613529850599e-05
MCS_10_agg_linear_trend_attr_rvalue_chunk_len_5_f_agg_mean_contribution_left	-3.2785780309270146e-05	9.343678870105885e-05
MCS_8_perm_entropy_right	-3.293012759596481e-05	0.0001561971955826271
MCS_10_change_quantiles_f_agg_var_isabs_False_qh_0_6_ql_0_4_ratio_to_whole_left	-3.3212838833788224e-05	8.675397028013118e-05
MCS_10_change_quantiles_f_agg_var_isabs_True_qh_0_8_ql_0_6_contribution_right	-3.3400910193799324e-05	2.3366673082230962e-05
MCS_4_autocorr_lag1_ratio_to_whole_left	-3.368293038651827e-05	2.9165377542199516e-05
MCS_10_change_quantiles_f_agg_var_isabs_True_qh_0_8_ql_0_6_ratio_to_whole_left	-3.403495406191559e-05	9.963266039765454e-05
MCS_8_hjorth_complexity_ratio_to_whole_left	-3.459859229548722e-05	0.00011557986200128938
MCS_11_param_3_ratio	-3.559042357980325e-05	8.46001511857383e-05
MCS_2_ad_stat	-3.601111129967971e-05	9.120308907641399e-06
MCS_1_stats_cv_diff	-3.6222821964491113e-05	9.34774804452741e-05
MCS_10_agg_linear_trend_attr_rvalue_chunk_len_5_f_agg_max_ratio_to_whole_left	-3.662781860370167e-05	0.00014789968926147445
MCS_11_param_2_ratio_to_whole_right	-3.685040750457613e-05	3.7160631352289984e-05
MCS_10_change_quantiles_f_agg_var_isabs_False_qh_0_8_ql_0_4_contribution_right	-3.698122658865155e-05	4.4889371317192234e-05
MCS_11_param_5_diff	-3.7689190533045644e-05	9.971947534404699e-05
MCS_11_ar_aic_ratio	-3.912561442515616e-05	5.748954254898678e-05
MCS_10_percentage_of_reoccurring_values_to_all_values_ratio_to_whole_right	-3.936732369138495e-05	5.4216286457096925e-05
MCS_10_agg_linear_trend_attr_intercept_chunk_len_10_f_agg_mean_right	-3.941655615185447e-05	5.417275030653703e-05
MCS_1_stats_cv_whole	-3.99844053690579e-05	0.00016396819930092932
MCS_10_quantile_0_1_ratio_to_whole_right	-4.003519258552913e-05	5.119681421274617e-05
MCS_10_linear_trend_attr_rvalue_right	-4.0256160150952127e-05	0.00010273212787498772
MCS_11_param_4_ratio_to_whole_right	-4.091432440113896e-05	4.957045156664587e-05
MCS_10_change_quantiles_f_agg_var_isabs_True_qh_1_0_ql_0_2_ratio_to_whole_right	-4.177632599024039e-05	4.876529466067346e-05
MCS_10_change_quantiles_f_agg_var_isabs_True_qh_0_6_ql_0_4_ratio_to_whole_left	-4.177674054676616e-05	9.701634631786991e-05
MCS_1_stats_cv_right	-4.192800691214415e-05	6.781768390471658e-05
MCS_10_agg_linear_trend_attr_intercept_chunk_len_10_f_agg_max_ratio_to_whole_left	-4.202626027784984e-05	4.633276845856216e-05
MCS_8_shannon_entropy_left	-4.277666339954966e-05	0.00013619991120262436
MCS_11_param_4_left	-4.2801734545548924e-05	8.347130459641663e-05
MCS_11_param_1_diff	-4.347938005713647e-05	7.315588240730132e-05
MCS_10_linear_trend_attr_slope_ratio	-4.379506436810399e-05	7.925283154789821e-05
MCS_8_hjorth_complexity_right	-4.403126605551866e-05	0.00012078891916082113
RAW_1_stats_mean_whole	-4.460080005716517e-05	0.0003456574383588038
MCS_10_linear_trend_attr_rvalue_ratio	-4.486163503854445e-05	0.00018531549205977736
MCS_1_stats_skew_contribution_right	-4.567593011618909e-05	7.035620023662473e-05
MCS_10_ratio_beyond_r_sigma_6_right	-4.678646907291916e-05	9.246817556175351e-05
MCS_10_agg_linear_trend_attr_intercept_chunk_len_50_f_agg_mean_ratio_to_whole_right	-4.684505709801613e-05	0.00010605594339512588
MCS_1_stats_skew_contribution_left	-4.860320504549764e-05	6.905129987122677e-05
MCS_2_ks_pvalue	-5.0882348077870846e-05	0.00025319278266552653
MCS_11_ar_aic_ratio_to_whole_left	-5.401150842067492e-05	0.0001685757850386538
MCS_10_change_quantiles_f_agg_var_isabs_False_qh_0_6_ql_0_4_ratio_to_whole_right	-5.4438565975166727e-05	0.00015602906297149628
MCS_10_agg_linear_trend_attr_intercept_chunk_len_10_f_agg_max_right	-5.9156108664132347e-05	9.635190501164539e-05
MCS_1_stats_skew_whole	-6.194624799712889e-05	0.00010372775594684332
MCS_4_zero_cross_contribution_left	-6.243808801188244e-05	0.00014030389158048185
MCS_10_change_quantiles_f_agg_var_isabs_False_qh_0_6_ql_0_2_ratio_to_whole_left	-6.410059161310211e-05	0.00013023977516157977
MCS_10_agg_linear_trend_attr_slope_chunk_len_5_f_agg_mean_whole	-6.61605379915642e-05	0.00021770028415450562
MCS_10_agg_linear_trend_attr_slope_chunk_len_50_f_agg_mean_right	-6.818802359153997e-05	7.34479986575637e-05
MCS_10_ar_coefficient_coeff_2_k_10_right	-6.875316364084337e-05	0.0001628322731459026
MCS_1_stats_mean_of_rolling_std_ratio_to_whole_right	-7.217835560206053e-05	0.0001729903697188433
MCS_11_ar_bic_ratio_to_whole_left	-7.474136127119445e-05	0.00020952943651819487
MCS_8_approx_entropy_left	-9.349505869172823e-05	0.00031297582314549074
MCS_10_agg_linear_trend_attr_intercept_chunk_len_5_f_agg_max_right	-9.389438946046935e-05	0.00016926849816990212
MCS_3_cumsum_max_right	-9.98035038854117e-05	0.0002347988284677169
MCS_1_stats_theil_sen_slope_ratio_to_whole_right	-0.00011159286595582186	0.00013042453340977593
MCS_10_linear_trend_attr_rvalue_diff	-0.00011561074125432944	0.00025029710247958273
MCS_7_rolling_std_w50_mean_diff	-0.00012006211741455889	0.00040987476090399716
MCS_8_detrended_fluctuation_ratio_to_whole_left	-0.00013283862695366412	0.00034918691064425583
